county_name,year,avg_summer_tmax_f,max_summer_tmax_f,p95_tmax_f,p99_tmax_f,heatwave_days,station_day_count_tmax,station_count_tmax,avg_summer_tmin_f,max_summer_tmin_f,p95_tmin_f,hot_nights,station_day_count_tmin,station_count_tmin,max_consecutive_hot_days,state,county,county_fips,name,total_population,median_household_income,poverty_population,population_65_plus,pct_65_plus,pct_poverty,occupied_housing_units,renter_occupied_units,pct_renter_occupied,pct_white_alone,pct_black_alone,pct_asian_alone,heat_ed_rate,pandemic_year,tree_canopy_pct
Alameda,2020,80.11259985984583,111.92,98.69000000000004,105.746,157,1427,12,58.99656537102474,86.0,71.06,36,1415,12,3,6,1,6001,"Alameda County, California",1661584.0,104888.0,152060.0,231186.0,13.913590886768286,9.151508440139049,573174.0,265893.0,46.38957803389547,37.97803782414852,10.346873826421051,31.25024073414284,7.8,1.0,11.279029596449018
Alameda,2021,79.39022662889518,111.92,98.96,105.08,161,1412,12,57.17392045454546,80.96,69.66499999999988,22,1408,12,1,6,1,6001,"Alameda County, California",1673133.0,112017.0,146763.0,233996.0,13.985499060744123,8.771747374536275,581683.0,268273.0,46.12013760072067,35.90814358452077,10.19835243223342,31.58756655926337,5.4,1.0,10.826617031263282
Alameda,2022,80.49019257221458,116.06,100.94,107.96,193,1454,12,57.90547586206897,87.98,69.98,23,1450,12,5,6,1,6001,"Alameda County, California",1663823.0,122488.0,149843.0,243239.0,14.619283421373549,9.005945944971309,585818.0,268367.0,45.81064426152832,34.012692455868205,10.187201403033855,32.13436765809824,8.26,0.0,10.743166816349008
Alameda,2023,77.95639004149378,109.04,96.98,104.0,111,1446,12,56.65663667820069,80.96,66.02,11,1445,12,1,6,1,6001,"Alameda County, California",1651949.0,126240.0,149752.0,246841.0,14.942410449717272,9.065170898133054,593117.0,272405.0,45.92770060544547,31.9862174921865,9.9191318860328,32.23767803969736,7.38,0.0,10.73055885103096
Alameda,2024,83.62674208144796,122.0,104.0,111.02,259,1326,11,57.581128668171566,82.94,69.98,24,1329,11,5,6,1,6001,"Alameda County, California",1649473.0,129367.0,149429.0,254161.0,15.40861838902486,9.0591964827554,598246.0,272737.0,45.58943979566934,29.8388636855529,9.613737236074794,32.93415533324886,7.76,0.0,10.760846887900865
Alpine,2020,73.17249180327869,96.98,88.34899999999999,92.3,4,1220,10,44.31849180327869,62.96,55.76899999999999,0,1220,10,0,6,3,6003,"Alpine County, California",1159.0,85750.0,139.0,337.0,29.076790336496984,11.993097497842967,397.0,76.0,19.143576826196472,57.20448662640207,0.8628127696289906,0.5176876617773942,,,24.286805329032624
Alpine,2021,74.57685039370078,98.6,90.14,95.0,14,1143,10,46.43669291338583,65.48,57.92,0,1143,10,0,6,3,6003,"Alpine County, California",1344.0,96000.0,174.0,379.0,28.199404761904763,12.946428571428571,434.0,79.0,18.202764976958523,59.22619047619048,0.5952380952380952,0.744047619047619,,,21.525758748762776
Alpine,2022,72.6078524590164,98.78,88.889,93.92,8,1220,10,46.55654098360656,68.0,59.18,0,1220,10,0,6,3,6003,"Alpine County, California",1515.0,101125.0,208.0,386.0,25.47854785478548,13.72937293729373,435.0,75.0,17.24137931034483,63.43234323432343,0.0,0.198019801980198,,,21.396264319943555
Alpine,2023,68.67381967213115,99.14,85.10899999999998,91.7258,6,1220,10,42.87043478260869,72.14,55.94,0,1219,10,0,6,3,6003,"Alpine County, California",1695.0,110781.0,209.0,369.0,21.76991150442478,12.330383480825958,473.0,90.0,19.02748414376321,63.48082595870207,0.0,0.471976401179941,,,21.717744573599457
Alpine,2024,73.71536945812808,100.04,89.06,93.92,12,1218,10,45.95383606557377,65.66,57.92,0,1220,10,0,6,3,6003,"Alpine County, California",1616.0,105521.0,161.0,341.0,21.10148514851485,9.962871287128714,435.0,95.0,21.83908045977012,61.01485148514851,0.0,2.2277227722772275,,,21.900848988498318
Amador,2020,88.77786516853934,107.06,100.04,104.486,70,356,3,64.26651685393259,84.91999999999999,75.92,27,356,3,7,6,5,6005,"Amador County, California",39023.0,65187.0,2872.0,10537.0,27.00202444712093,7.359762191528072,14844.0,3448.0,23.22824036647804,84.66801629808062,2.385772493145069,0.9609717346180456,36.42,1.0,27.25545641384387
Amador,2021,90.9838961038961,107.96,101.64199999999995,105.91700000000002,114,308,3,65.76870129870129,82.94,78.08,44,308,3,6,6,5,6005,"Amador County, California",40095.0,69955.0,2891.0,10704.0,26.69659558548448,7.210375358523506,15394.0,3319.0,21.56034818760556,81.79074697593217,2.48659433844619,1.1422870682129942,54.02,1.0,26.5681397326603
Amador,2022,88.46295384615384,109.94,100.94,105.7208,97,325,3,64.1117791411043,84.91999999999999,77.81,32,326,3,10,6,5,6005,"Amador County, California",40577.0,74853.0,2945.0,10925.0,26.92411957512877,7.257806146339059,15745.0,3305.0,20.99079072721499,80.29918426694925,1.7399019148778865,1.279049707962639,69.0,0.0,26.51868337368348
Amador,2023,85.08897959183673,107.06,100.94,104.0756,44,294,3,61.10470989761093,87.98,75.92,22,293,3,5,6,5,6005,"Amador County, California",41029.0,81526.0,2931.0,11163.0,27.20758487898804,7.143727607302153,16066.0,3203.0,19.9365118884601,77.75719612956689,2.010772867971435,1.430695361817251,,,26.666523783723232
Amador,2024,89.66965517241378,107.96,100.94,105.43999999999998,80,261,3,65.01103448275862,84.91999999999999,78.98,34,261,3,12,6,5,6005,"Amador County, California",41428.0,88044.0,3111.0,11423.0,27.573138939847446,7.509413922950661,16091.0,3150.0,19.576160586663352,76.12242927488654,2.022786521193396,1.489330887322584,85.7,0.0,26.61674793848489
Butte,2020,90.095822906641,109.94,102.92,107.06,315,1039,10,63.23052123552124,87.08000000000001,75.245,63,1036,10,6,6,7,6007,"Butte County, California",223344.0,54972.0,39676.0,40663.0,18.206443871337488,17.764524679418297,83879.0,33992.0,40.52504202482147,79.95200229242782,1.7309621033025289,4.810068772834731,27.45,1.0,25.96591023086064
Butte,2021,91.0755333998006,113.0,104.0,107.96,393,1003,10,63.78642073778664,89.06,77.0,79,1003,10,6,6,7,6007,"Butte County, California",217884.0,59863.0,37731.0,39194.0,17.988470929485416,17.31701272236603,85292.0,35743.0,41.90662664728227,77.81663637531898,1.8353802941014483,5.036624993115603,40.37,1.0,18.58603811791132
Butte,2022,90.2824025974026,114.98,105.08,110.77159999999998,347,924,10,63.3690021691974,89.96000000000001,77.0,69,922,10,11,6,7,6007,"Butte County, California",213605.0,66085.0,38015.0,38852.0,18.188712811029703,17.796868050841507,83319.0,34895.0,41.88120356701353,75.73745932913556,1.808010112122844,5.234896186887012,34.89,0.0,19.046371724613657
Butte,2023,86.86688567674112,109.94,102.02,107.06,171,761,9,61.87031496062992,84.91999999999999,75.02,42,762,9,5,6,7,6007,"Butte County, California",209470.0,68574.0,37531.0,38054.0,18.16680192867714,17.91712417052561,82345.0,34358.0,41.72445200072864,72.61994557693225,1.772091468945434,5.41127607771996,43.53,0.0,19.8327941448704
Butte,2024,91.56204379562044,114.98,107.06,111.92,319,822,9,64.60167883211679,89.06,77.0,90,822,9,15,6,7,6007,"Butte County, California",207929.0,67928.0,39109.0,38227.0,18.384640911080226,18.80882416594126,83312.0,35595.0,42.72493758402151,69.51603672407408,1.8386083711266827,5.592774456665496,69.3,0.0,19.805891946507927
Calaveras,2020,79.46098360655738,93.92,87.98,91.751,0,122,1,55.790983606557376,71.06,64.94,0,122,1,0,6,9,6009,"Calaveras County, California",45828.0,67054.0,5177.0,12840.0,28.017805708300603,11.296587239242385,16958.0,3466.0,20.43873098242717,87.40944400803002,0.9819324430479184,1.8853102906520032,30.16,1.0,27.72071857553063
Calaveras,2021,88.35826086956521,105.98,97.142,104.2808,31,138,2,56.86869565217391,71.06,66.02,0,138,2,6,6,9,6009,"Calaveras County, California",45349.0,70119.0,6346.0,12717.0,28.04251471917793,13.99369335597257,16809.0,3111.0,18.507942173835445,84.61708086176101,0.9680478070078724,2.249222695098018,34.39,1.0,27.393740021363563
Calaveras,2022,87.57354838709678,109.94,100.94,105.215,47,186,2,57.12451612903226,73.04,66.92,0,186,2,6,6,9,6009,"Calaveras County, California",45674.0,77526.0,5915.0,13155.0,28.801944213338004,12.950475106187328,17198.0,3084.0,17.932317711361787,83.14139335289224,0.985243245610194,1.9617287734816309,60.39,0.0,27.400698228643627
Calaveras,2023,85.69172413793103,105.98,102.92,105.98,39,174,2,56.18582857142857,77.0,66.92,1,175,2,13,6,9,6009,"Calaveras County, California",45995.0,79877.0,6083.0,13220.0,28.74225459289053,13.225350581584957,17897.0,2798.0,15.63390512376376,80.78921621915426,1.1501250135884336,2.317643222089357,,,27.55982700463992
Calaveras,2024,91.04662576687116,111.02,104.0,109.7924,62,163,2,58.492024539877306,75.02,69.08,1,163,2,14,6,9,6009,"Calaveras County, California",46248.0,78647.0,5956.0,13517.0,29.22720982528974,12.878394741394224,18437.0,2957.0,16.038401041384173,78.69745718733783,0.988150838955198,2.229285590728248,62.55,0.0,27.58507333106365
Colusa,2020,94.24237704918032,109.94,105.08,108.5756,126,244,2,57.68666666666667,78.98,69.98,2,243,2,11,6,11,6011,"Colusa County, California",21491.0,59427.0,2540.0,3142.0,14.62007351914755,11.81890093527523,7329.0,2678.0,36.53977350252422,79.15871760271742,1.5355264994648925,0.9352752314922528,,,7.1324933700527335
Colusa,2021,95.57648648648647,113.0,105.98,109.751,135,222,2,60.854,73.94,71.06,0,220,2,12,6,11,6011,"Colusa County, California",21780.0,61861.0,2807.0,3171.0,14.55922865013774,12.887970615243344,7303.0,2806.0,38.42256606873888,68.75573921028466,1.6620752984389346,0.8999081726354453,54.25,1.0,6.950219758532552
Colusa,2022,94.87067226890755,114.08,107.96,113.2808,139,238,2,59.08546218487395,73.94,69.98,0,238,2,30,6,11,6011,"Colusa County, California",21811.0,69619.0,2364.0,3299.0,15.125395442666544,10.83856769519967,7432.0,2746.0,36.94833153928956,60.932556966668194,1.6826372014121314,0.7519141717482004,55.13,0.0,7.195464522208899
Colusa,2023,91.05333333333331,111.02,105.08,107.58199999999998,86,243,2,53.07333333333333,69.08,63.93199999999998,0,243,2,14,6,11,6011,"Colusa County, California",21895.0,75149.0,2332.0,3355.0,15.323133135419043,10.650833523635534,7466.0,2820.0,37.77122957406912,51.19890385932862,1.4204156200045672,0.6622516556291391,,,7.613571701507507
Colusa,2024,95.22444444444444,114.98,107.06,111.92,133,243,2,53.29461538461538,68.0,62.96,0,234,2,17,6,11,6011,"Colusa County, California",21984.0,75672.0,2465.0,3410.0,15.511280931586608,11.212700145560408,7512.0,2838.0,37.77955271565495,38.50982532751092,1.5238355167394468,0.9779839883551676,55.46,0.0,8.15215616502615
Contra Costa,2020,84.76880753138074,111.92,100.04,105.98,141,956,8,61.14121085594989,89.06,75.92,63,958,8,7,6,13,6013,"Contra Costa County, California",1147788.0,103997.0,93021.0,181578.0,15.819820384949136,8.104371190498593,398299.0,132061.0,33.15624694011283,53.04019557618654,8.587735714260821,17.438673343857925,8.91,1.0,10.560216962245889
Contra Costa,2021,83.67529411764706,107.96,98.96,104.0,130,918,8,60.07627856365615,87.08000000000001,75.02,50,919,8,2,6,13,6013,"Contra Costa County, California",1161643.0,110455.0,94523.0,184031.0,15.84230266958093,8.137009391009114,405106.0,133727.0,33.01037259383964,49.97430363717597,8.630878850042569,17.812529322692082,9.59,1.0,10.187885165204158
Contra Costa,2022,83.64824,111.92,100.04,107.519,104,750,7,61.12448,89.06,75.92,51,750,7,6,6,13,6013,"Contra Costa County, California",1162648.0,120020.0,95255.0,190307.0,16.368410731364953,8.192935437036834,408537.0,134149.0,32.83643831525664,46.63543910108648,8.716739718298228,18.28309170101355,13.84,0.0,10.09622012084562
Contra Costa,2023,79.74220843672457,105.08,97.79,102.02,72,806,7,58.40171215880893,84.02,73.94,38,806,7,2,6,13,6013,"Contra Costa County, California",1161458.0,125727.0,95048.0,193816.0,16.687301650167292,8.183507281365317,411662.0,133153.0,32.34522496611298,43.497225039562345,8.467460726087383,18.507599930432267,13.06,0.0,10.123892518249257
Contra Costa,2024,84.65924205378973,109.04,100.94,105.98,147,818,7,60.50557457212714,89.06,75.92,63,818,7,6,6,13,6013,"Contra Costa County, California",1165012.0,127229.0,96639.0,199270.0,17.10454484589,8.295107689877874,414417.0,132598.0,31.9962742841148,41.12489828430952,8.275279567935781,18.8459002997394,14.73,0.0,10.24459315475634
Del Norte,2020,71.02441260744986,96.08,88.62799999999997,93.02,3,349,3,54.48710601719198,75.02,68.0,1,349,3,0,6,15,6015,"Del Norte County, California",27692.0,49981.0,4223.0,4924.0,17.78130868120757,15.24989166546295,9805.0,3099.0,31.60632330443651,72.23024700274448,2.6975299725552504,3.177813086812076,,,63.27785443403597
Del Norte,2021,67.09849372384937,93.92,83.04799999999999,86.66960000000002,0,239,2,55.06861924686192,75.92,71.96,5,239,2,0,6,15,6015,"Del Norte County, California",27655.0,53280.0,4284.0,4941.0,17.866570240462845,15.490869643825713,9531.0,3026.0,31.74902948274053,69.36901102874707,2.975953715422166,2.979569698065449,,,61.61148008222167
Del Norte,2022,70.10393442622951,98.96,89.06,93.33500000000002,3,366,3,54.81918032786885,78.98,69.08,4,366,3,0,6,15,6015,"Del Norte County, California",27462.0,61149.0,3585.0,5261.0,19.15738110844076,13.054402447017695,9530.0,3038.0,31.878279118572927,69.0736290146384,2.72012235088486,3.1279586337484524,,,61.76359665469736
Del Norte,2023,69.14913907284769,98.96,87.98,94.9892,4,302,3,53.5928476821192,75.92,66.02,3,302,3,0,6,15,6015,"Del Norte County, California",27293.0,66780.0,2900.0,5392.0,19.75598138716888,10.625435093247352,9621.0,2770.0,28.79118594740672,67.10878247169603,2.949474224160041,3.13633532407577,,,61.85359637798326
Del Norte,2024,71.0511475409836,102.02,89.06,97.35800000000005,7,366,3,54.58655737704918,80.96,69.98,6,366,3,0,6,15,6015,"Del Norte County, California",27107.0,67058.0,3204.0,5552.0,20.481794370457816,11.81982513741838,9522.0,2849.0,29.920184835118675,64.17530527170103,2.5159552883019147,3.4345372044121443,,,57.281896851232695
El Dorado,2020,80.6248476992871,111.02,98.06,104.0,165,1543,14,50.55224886584576,78.98,68.0,14,1543,14,0,6,17,6017,"El Dorado County, California",190345.0,83710.0,16018.0,40418.0,21.23407496913499,8.41524600068297,73078.0,17885.0,24.47384985905471,86.44934198429168,0.8332238829493814,4.786571751293703,15.86,1.0,38.445838071975565
El Dorado,2021,82.7312568306011,111.92,100.04,105.08,291,1647,14,52.737430167597765,80.78,70.07,16,1611,14,2,6,17,6017,"El Dorado County, California",190568.0,88770.0,16394.0,40881.0,21.45218504680744,8.602703496914488,74535.0,17743.0,23.804923861273227,84.68420721212375,0.8600604508626841,4.956760841274506,20.26,1.0,36.96748677955237
El Dorado,2022,80.82435913312693,116.96,100.94,105.98,264,1615,14,52.59849033063007,87.98,71.06,30,1603,14,1,6,17,6017,"El Dorado County, California",191713.0,99246.0,16364.0,42605.0,22.223323405298544,8.535675723607685,75190.0,17955.0,23.87950525335816,82.45815359417462,0.7328663157949644,5.18744164454158,33.87,0.0,33.246121273630486
El Dorado,2023,75.36750178954902,109.94,96.08,104.0,104,1397,12,48.51777618364419,77.0,66.02,3,1394,12,0,6,17,6017,"El Dorado County, California",192299.0,106190.0,15754.0,43808.0,22.78118970977488,8.192450298753503,75719.0,17881.0,23.614944729856443,79.89225112975107,0.8549186423226329,5.242876978039408,17.31,0.0,32.82579213425856
El Dorado,2024,80.30387096774194,114.08,100.94,107.06,190,1426,12,50.8324358974359,82.04,69.98,24,1404,12,0,6,17,6017,"El Dorado County, California",192662.0,108845.0,15285.0,45254.0,23.488804227092004,7.933583166374272,76185.0,17341.0,22.76169849707948,77.87057125951148,0.8169748056181292,5.44840186440502,55.63,0.0,32.94446683597904
Fresno,2020,90.35163412127442,111.92,105.08,109.04,711,1946,17,60.85227296049256,87.98,75.92,152,1949,17,6,6,19,6019,"Fresno County, California",990204.0,57109.0,202296.0,121129.0,12.232731841115568,20.42972963146988,310097.0,143677.0,46.33292163419833,60.34857463714548,4.663887441375716,10.634374330945946,20.07,1.0,10.234116149390829
Fresno,2021,91.21473128598848,118.04,107.06,111.92,858,2084,18,62.23199613339778,89.06,78.08,242,2069,18,8,6,19,6019,"Fresno County, California",1003150.0,61276.0,198793.0,121840.0,12.14574091611424,19.816876837960425,314421.0,144386.0,45.92123299652377,54.29227932014156,4.513980959976075,10.661715595873,28.28,1.0,9.195643883924983
Fresno,2022,87.86108651911469,114.08,105.08,109.04,470,1491,13,61.46691689008043,91.94,78.98,208,1492,13,10,6,19,6019,"Fresno County, California",1008280.0,67756.0,193675.0,125708.0,12.467568532550482,19.208454000872774,318322.0,145867.0,45.82372566143716,47.98528186614829,4.46651723727536,10.719443011861784,30.51,0.0,9.177776825648184
Fresno,2023,85.25643105446119,109.94,104.0,107.96,389,1726,17,58.29710312862109,87.08000000000001,75.92,116,1726,17,11,6,19,6019,"Fresno County, California",1012152.0,71434.0,185717.0,128751.0,12.72052023806701,18.348726278266504,322163.0,143630.0,44.58302163811487,41.82138651111691,4.385902512666082,11.004770034540266,28.84,0.0,9.30279628527794
Fresno,2024,90.30581932773109,116.06,107.96,111.92,747,1904,16,60.93296529968454,89.06,78.08,212,1902,16,13,6,19,6019,"Fresno County, California",1016725.0,74201.0,182962.0,131488.0,12.932503872728615,17.99522978189776,324702.0,144331.0,44.45029596368362,35.46642405763604,4.380732253067447,11.218766136369226,46.41,0.0,9.466603117790696
Glenn,2020,92.17459016393444,109.04,105.08,107.96,269,610,5,62.28101639344262,78.98,71.96,15,610,5,9,6,21,6021,"Glenn County, California",28060.0,51682.0,4201.0,4593.0,16.368496079828937,14.971489665003563,10216.0,4246.0,41.56225528582616,80.10691375623664,0.7769066286528866,3.12544547398432,57.45,1.0,13.787047048958806
Glenn,2021,94.27852459016394,111.02,106.57399999999996,109.94,333,610,5,62.779114754098366,78.98,71.96,12,610,5,19,6,21,6021,"Glenn County, California",28675.0,56332.0,4272.0,4637.0,16.170880557977334,14.89799476896251,9753.0,3817.0,39.136675894596536,74.9642545771578,0.5858761987794247,3.473408892763732,47.52,1.0,7.614046534869757
Glenn,2022,93.15573770491804,114.98,107.06,111.83899999999996,320,610,5,61.72537704918033,82.04,71.96,12,610,5,22,6,21,6021,"Glenn County, California",28657.0,64033.0,4335.0,4835.0,16.871968454478836,15.127194053808845,9742.0,3836.0,39.37589817285978,67.52276930592875,0.3559339777366786,3.437205569319888,76.31,0.0,7.966457847968302
Glenn,2023,89.27127868852459,111.02,104.0,107.96,197,610,5,61.521475409836064,82.04,73.94,29,610,5,11,6,21,6021,"Glenn County, California",28623.0,70487.0,3511.0,4822.0,16.84659190161758,12.266359221605002,9763.0,3606.0,36.93536822697941,59.812039269119246,0.5520036334416378,2.714600146735143,47.49,0.0,9.055349207740376
Glenn,2024,93.31231527093595,116.96,106.62800000000004,111.02,295,609,5,62.73891625615764,84.91999999999999,74.94800000000001,31,609,5,16,6,21,6021,"Glenn County, California",28494.0,67139.0,4514.0,4893.0,17.17203621815119,15.84193163473012,9810.0,3808.0,38.81753312945973,55.27128518284551,0.2175896680002807,3.004141222713553,74.88,0.0,9.873083056122042
Humboldt,2020,78.26838554216867,109.94,98.96,104.0,135,1245,11,54.369489051094895,82.04,66.92,7,1233,11,1,6,23,6023,"Humboldt County, California",136101.0,49235.0,26210.0,24287.0,17.84483582045687,19.257757106854463,54120.0,23359.0,43.16149297856615,78.72903211585513,1.1447380989118376,2.9007869155994443,13.04,1.0,61.94283120454246
Humboldt,2021,78.19873273761169,109.04,98.96,104.75600000000004,144,1231,11,53.57436940602115,75.92,66.92,6,1229,11,0,6,23,6023,"Humboldt County, California",137014.0,53350.0,27116.0,24767.0,18.0762549812428,19.79067832484272,53729.0,22798.0,42.43146159429731,76.29731268337542,1.2699432174814251,3.161720700074445,10.7,1.0,61.35637734998679
Humboldt,2022,78.12663636363636,114.98,98.96,105.08,177,1320,12,54.24860876249039,80.96,66.02,11,1301,12,1,6,23,6023,"Humboldt County, California",136132.0,57881.0,26394.0,25688.0,18.869920371404227,19.38853465753828,54495.0,23530.0,43.17827323607671,74.98016630917051,1.3707284106602415,3.224076631504716,15.18,0.0,61.418675355841856
Humboldt,2023,78.25842105263158,109.94,100.04,107.06,156,1368,12,53.94856099342586,80.06,64.94,6,1369,12,2,6,23,6023,"Humboldt County, California",135418.0,61135.0,25064.0,26082.0,19.260364205644745,18.508617761302045,54878.0,23999.0,43.73154998359999,73.61798283832283,1.270879794414332,3.138430636990651,10.1,0.0,61.30624006823565
Humboldt,2024,79.7643432835821,116.96,102.02,109.58899999999991,206,1340,11,53.864295302013424,84.02,66.92,17,1341,11,4,6,23,6023,"Humboldt County, California",134541.0,61160.0,24587.0,26660.0,19.81552091927368,18.27472666324764,54922.0,23869.0,43.45981573868396,72.10590080347255,1.5883633985179235,3.074899101389168,21.04,0.0,61.23481116032042
Imperial,2020,107.78717539863324,122.0,116.96,119.18840000000002,846,878,8,78.59252847380411,100.04,89.96000000000001,618,878,8,92,6,25,6025,"Imperial County, California",180580.0,46222.0,38408.0,23306.0,12.90619116181194,21.269243548565733,45768.0,19179.0,41.9048243314106,56.65356074869864,2.6115848931221617,1.439251301362277,66.71,1.0,0.0766677576818159
Imperial,2021,106.54292275574112,120.02,116.06,118.94,929,958,8,80.50173277661796,96.98,89.06,791,958,8,115,6,25,6025,"Imperial County, California",180051.0,49078.0,35711.0,23081.0,12.819145686499937,19.833824860733905,45541.0,19149.0,42.04782503678005,48.02861411488967,2.7153417642778988,1.402380436654059,103.31,1.0,0.0761240323052065
Imperial,2022,105.84449438202248,116.06,113.0,114.98,868,890,8,81.0663452914798,96.08,89.06,763,892,8,100,6,25,6025,"Imperial County, California",179578.0,53847.0,36092.0,23671.0,13.181458753299404,20.098230295470493,47024.0,19902.0,42.32306907111262,39.45917651382686,2.5660158816781564,1.5090935415251312,103.85,0.0,0.0756647676184224
Imperial,2023,104.97005202913633,120.02,116.06,118.94,870,961,8,77.72449531737773,98.06,89.96000000000001,590,961,8,67,6,25,6025,"Imperial County, California",179319.0,56393.0,33705.0,24119.0,13.450331532074124,18.79611195690362,48844.0,21112.0,43.22332323315044,30.42566599189154,2.487187637673644,1.506811882734122,115.94,0.0,0.0756791026896313
Imperial,2024,108.9181038374718,120.92,116.06,118.94,855,886,8,80.92009049773756,96.08,90.653,712,884,8,107,6,25,6025,"Imperial County, California",180202.0,57681.0,33819.0,24701.0,13.707395034461326,18.767272283326488,49644.0,21434.0,43.17540891144952,19.819979800446166,2.205857870611869,1.5338342526720017,174.73,0.0,0.0761430940755707
Inyo,2020,97.5458904109589,129.92,120.02,124.79,511,876,8,68.95897260273972,104.0,92.84,307,876,8,59,6,27,6027,"Inyo County, California",17930.0,59296.0,1745.0,4172.0,23.26826547685443,9.73229224762967,7954.0,2784.0,35.001257229067136,76.43614054657,0.5354155047406581,1.5560513106525378,,,0.833770670852576
Inyo,2021,98.85990751445088,129.92,120.30799999999998,125.96,538,865,8,71.19734104046242,107.6,96.404,336,865,8,30,6,27,6027,"Inyo County, California",18804.0,60925.0,1989.0,4358.0,23.175920017017656,10.577536694320358,7832.0,2789.0,35.61031664964249,73.99489470325462,0.4679855349925548,1.5847691980429697,73.15,1.0,0.8306478419359306
Inyo,2022,95.0003785488959,125.06,119.48,122.9,502,951,8,68.12088421052631,102.02,95.36,310,950,8,31,6,27,6027,"Inyo County, California",18829.0,63417.0,2199.0,4487.0,23.83026183015561,11.678793350682458,7849.0,2671.0,34.029812714995536,68.93621541239577,0.961283127091189,1.720749907058261,,,0.8260274472130716
Inyo,2023,89.86747663551402,128.12,117.86,124.5884,393,963,8,64.00455958549223,102.92,91.94,260,965,8,21,6,27,6027,"Inyo County, California",18803.0,72432.0,1928.0,4594.0,24.43227144604585,10.253682922937829,7923.0,2607.0,32.90420295342673,64.6386214965697,0.967930649364463,1.81354039249056,,,0.8140682093062372
Inyo,2024,95.94930805687204,129.01999999999998,120.02,126.14,610,1055,9,67.24840607210626,102.74,96.08,333,1054,9,37,6,27,6027,"Inyo County, California",18739.0,73991.0,1997.0,4675.0,24.947969475425584,10.656918725652382,8040.0,2701.0,33.59452736318408,61.588131703932966,0.5229734777736272,1.488873472437163,,,0.8205171099108794
Kern,2020,93.6202277039848,114.98,105.08,109.94,782,1581,19,63.49954430379747,86.0,75.92,119,1580,19,17,6,29,6029,"Kern County, California",892458.0,54851.0,175902.0,97864.0,10.965670093158446,19.709835084676254,273556.0,112443.0,41.10419804354501,67.60743922963321,5.437790910048428,4.860844992145289,25.21,1.0,3.996498403748488
Kern,2021,95.84534090909092,118.94,109.04,111.92,964,1584,17,66.36059268600252,89.06,78.98,262,1586,17,30,6,29,6029,"Kern County, California",905644.0,58824.0,169289.0,99020.0,10.933656050280243,18.692665109027388,274705.0,111889.0,40.73060191842158,62.29633277535102,5.38191607298232,4.837662481063199,34.58,1.0,3.915831961830496
Kern,2022,94.2144370860927,114.98,107.96,111.02,404,755,8,67.86696688741722,84.91999999999999,78.98,153,755,8,22,6,29,6029,"Kern County, California",906883.0,63883.0,170013.0,102703.0,11.324834625855816,18.74696074355788,277499.0,112026.0,40.3698752067575,56.13061442324975,5.173214185291818,4.951465624562375,31.16,0.0,3.8824799221256905
Kern,2023,90.42314186851212,116.96,105.98,109.94,508,1445,15,62.93487214927436,87.08000000000001,75.92,103,1447,15,22,6,29,6029,"Kern County, California",910433.0,67660.0,168825.0,105653.0,11.60469798436568,18.543374416349145,281416.0,113095.0,40.18783580180232,49.2124077224793,5.156447536501863,5.076595422178238,33.46,0.0,3.922572465497208
Kern,2024,96.0663552833078,118.04,109.04,113.0,784,1306,14,66.36772413793103,89.96000000000001,78.98,219,1305,14,36,6,29,6029,"Kern County, California",915075.0,70210.0,170301.0,108560.0,11.863508455591072,18.61060568805836,284931.0,113798.0,39.93879219881305,43.934650165287,5.099254159495124,5.27574242548425,55.44,0.0,3.939962585555704
Kings,2020,96.22247887323944,120.02,105.08,107.96,473,710,6,64.97065502183406,87.08000000000001,77.0,56,687,6,29,6,31,6031,"Kings County, California",151090.0,61556.0,21908.0,15564.0,10.301145012906217,14.49996690714144,43604.0,20236.0,46.4085863682231,63.38209014494672,6.499437421404461,3.723608445297505,21.26,1.0,0.7024265466683185
Kings,2021,98.16963172804532,114.08,107.96,111.02,515,706,6,66.04246771879484,87.08000000000001,78.98,89,697,6,53,6,31,6031,"Kings County, California",151887.0,63267.0,22449.0,15654.0,10.306346165241266,14.780066760157224,43286.0,19676.0,45.45580557224045,56.865301177849325,6.596351234799555,3.863398447530072,32.53,1.0,0.7380638725490318
Kings,2022,97.8265395095368,114.98,107.96,111.92,261,367,4,66.8008174386921,91.04,78.98,64,367,4,33,6,31,6031,"Kings County, California",152515.0,68540.0,22634.0,15971.0,10.471756876372815,14.840507491066452,43594.0,19670.0,45.12088819562325,51.58836835721077,6.457069796413467,3.896665901714585,26.35,0.0,0.813130058005904
Kings,2023,93.65973377703828,111.02,105.98,109.04,292,601,6,64.97444259567388,87.08000000000001,75.92,49,601,6,23,6,31,6031,"Kings County, California",152830.0,68750.0,23427.0,16221.0,10.613753844140549,15.32879670221815,43736.0,19760.0,45.18017194073532,46.03939017208664,6.400575803180004,3.520905581364916,29.14,0.0,0.931217725164532
Kings,2024,98.36947899159664,114.08,109.04,111.92,425,595,6,66.9230303030303,89.96000000000001,80.06,81,594,6,37,6,31,6031,"Kings County, California",153298.0,70995.0,22320.0,16584.0,10.818145050816058,14.559876841185144,44052.0,20182.0,45.81403795514392,38.06246656838314,6.1664209578729015,3.778261947318295,49.1,0.0,1.0996302687574482
Lake,2020,87.81560975609756,109.04,101.10199999999998,105.98,207,738,7,61.74798376184033,84.91999999999999,75.02,38,739,7,3,6,33,6033,"Lake County, California",64276.0,49254.0,11057.0,14685.0,22.846785736511297,17.202377248117493,25508.0,8232.0,32.27222832052689,75.78567427966892,2.462816603397847,1.4624432136411725,30.82,1.0,24.06305624498596
Lake,2021,89.8739865771812,111.92,104.0,107.96,288,745,7,62.29814266487214,82.94,77.0,73,743,7,6,6,33,6033,"Lake County, California",67749.0,53399.0,11173.0,15358.0,22.668969283679463,16.491756335886876,26307.0,8133.0,30.91572585243471,73.02395607315238,2.3911792055971306,1.424375267531624,49.08,1.0,22.973701624966573
Lake,2022,87.22150411280846,113.0,102.92,107.51,270,851,7,59.66119858989424,87.98,75.92,54,851,7,7,6,33,6033,"Lake County, California",68024.0,56259.0,11065.0,15801.0,23.22856638833353,16.266317770198754,26487.0,8067.0,30.45645033412617,70.93231800540985,2.260966717629072,1.356874044454898,36.66,0.0,23.76469844731916
Lake,2023,84.69963060686015,107.06,100.94,105.08,120,758,7,59.19781002638523,82.04,75.02,42,758,7,4,6,33,6033,"Lake County, California",68139.0,58738.0,11156.0,16105.0,23.63550976680021,16.37241521008527,26364.0,7663.0,29.066150811712944,69.22760827132772,2.1690955253232365,1.1006912340950117,22.0,0.0,24.60220779641329
Lake,2024,89.18685929648242,113.9,104.0,109.08499999999997,269,796,7,61.20070351758794,89.96000000000001,77.0,72,796,7,13,6,33,6033,"Lake County, California",68152.0,60621.0,11350.0,16290.0,23.902453339593848,16.65394999413077,26940.0,7499.0,27.83593170007424,67.56074656649842,2.234710646789529,1.4658410611574129,63.63,0.0,25.33626497944244
Lassen,2020,83.08133977900552,104.0,96.08,98.96,109,1448,12,48.89609084652444,73.94,62.06,0,1453,12,2,6,35,6035,"Lassen County, California",30600.0,56971.0,2769.0,4421.0,14.447712418300654,9.049019607843135,9172.0,2881.0,31.41081552551243,79.02287581699346,8.866013071895425,1.53921568627451,,,12.769717390552914
Lassen,2021,84.4841891891892,104.0,97.86200000000002,100.1642,190,1332,12,50.13883773584906,75.92,66.02,1,1325,12,5,6,35,6035,"Lassen County, California",32949.0,59292.0,3196.0,4856.0,14.737928313454129,9.699839145345836,8910.0,2674.0,30.01122334455668,75.67149230629154,8.570821572733617,1.559986646028711,,,11.99851903441956
Lassen,2022,82.40983532934132,104.0,96.8,100.04,132,1336,11,49.4089371257485,77.0,64.94,2,1336,11,4,6,35,6035,"Lassen County, California",31873.0,59515.0,3645.0,4854.0,15.229190851190664,11.436011671320554,8925.0,2794.0,31.305322128851543,71.5840993944718,8.414645624823518,1.7852100523954446,,,11.177160755772691
Lassen,2023,78.73295437546747,104.0,93.02,97.34,52,1337,11,47.72180722891566,73.04,60.19699999999997,0,1328,11,2,6,35,6035,"Lassen County, California",31177.0,64395.0,3279.0,4977.0,15.96369118260256,10.517368572986497,9060.0,2880.0,31.78807947019868,68.85845334701864,8.262501202809764,1.7416685377040768,,,11.337801504867542
Lassen,2024,83.26294117647059,104.0,97.115,100.94,130,1326,11,49.6189592760181,75.92,64.94,2,1326,11,4,6,35,6035,"Lassen County, California",30356.0,67403.0,3332.0,5012.0,16.510739227829756,10.97641322967453,9247.0,2942.0,31.815724018600623,67.20252997759916,6.203057056265648,2.147845565950718,,,11.479879328185708
Los Angeles,2020,86.83432576505429,120.02,104.0,111.02,1281,5065,42,63.01943969799325,91.04,75.02,259,5033,42,7,6,37,6037,"Los Angeles County, California",10040682.0,71358.0,1401656.0,1370141.0,13.645895766841337,13.959768868290023,3332504.0,1798032.0,53.95438385070206,47.757572642973855,8.070029505963838,14.825945090184112,7.86,1.0,9.326591160048084
Los Angeles,2021,86.70283696291936,113.0,102.92,109.04,1295,5097,42,63.88229681978798,87.98,75.02,292,5094,42,2,6,37,6037,"Los Angeles County, California",10019635.0,76367.0,1366544.0,1372217.0,13.695279319057033,13.638660490127636,3342811.0,1796882.0,53.7536223256415,43.734916491469,7.936546590769026,14.756635346497152,7.7,1.0,8.346636599045334
Los Angeles,2022,87.84296615143808,114.98,104.0,107.96,1443,5111,42,65.03875513799179,86.0,75.92,395,5109,42,10,6,37,6037,"Los Angeles County, California",9936690.0,83411.0,1343978.0,1415856.0,14.248768956262095,13.52540936670058,3363093.0,1810929.0,53.84712822392957,39.62990694084248,7.85968969546197,14.830230187315896,11.86,0.0,8.496517692108768
Los Angeles,2023,82.78266260935717,113.0,102.02,105.98,910,5258,44,61.363958927552765,86.0,73.04,181,5259,44,3,6,37,6037,"Los Angeles County, California",9848406.0,87760.0,1322476.0,1448571.0,14.708684836916754,13.428325355392538,3390254.0,1828047.0,53.92065019317137,35.42914457425903,7.809781603236098,15.029295096079506,8.35,0.0,8.894812376906364
Los Angeles,2024,87.29267293857222,118.04,105.08,111.02,1560,5421,45,63.74138401919173,91.04,77.0,453,5419,45,6,6,37,6037,"Los Angeles County, California",9808667.0,90112.0,1326437.0,1487700.0,15.167198560212103,13.523111754125203,3416449.0,1848466.0,54.10489077987115,30.850247031528344,7.662763961708559,15.159888698433743,13.45,0.0,9.155581196190466
Madera,2020,93.34561194029853,111.92,104.0,108.29479999999994,335,670,6,63.03146268656717,84.91999999999999,75.02,35,670,6,12,6,39,6039,"Madera County, California",155925.0,61924.0,28062.0,21858.0,14.018278018278018,17.997113997114,44479.0,15209.0,34.19366442590886,60.69777136443803,3.154721821388488,2.1561648228314896,22.38,1.0,13.255472987903024
Madera,2021,95.42157894736845,114.98,105.98,110.27479999999994,355,570,5,64.56294736842105,84.91999999999999,77.0,60,570,5,53,6,39,6039,"Madera County, California",156304.0,66709.0,28921.0,21653.0,13.853132357457262,18.50304534752789,43578.0,14736.0,33.81522786727248,54.98643668748081,2.97177295526666,2.2769730781042075,34.47,1.0,10.522917560155683
Madera,2022,94.82742268041238,114.98,105.98,110.11279999999996,289,485,4,65.59505154639174,84.91999999999999,77.0,59,485,4,26,6,39,6039,"Madera County, California",157243.0,73543.0,30154.0,22292.0,14.17678370420305,19.176688310449432,43857.0,15138.0,34.51672481017853,49.10870436203837,2.6017056403146723,2.3371469636168225,31.12,0.0,10.334890723976322
Madera,2023,89.44910369068542,109.04,102.92,107.34800000000004,184,569,5,60.97462214411247,80.96,73.58000000000003,23,569,5,21,6,39,6039,"Madera County, California",158790.0,75496.0,30187.0,22802.0,14.359846337930602,19.01064298759368,44513.0,15345.0,34.47307528137847,44.1255746583538,2.5750991876062725,2.469928836828516,22.13,0.0,10.365549061995688
Madera,2024,95.22704174228674,111.92,107.06,110.48,320,551,5,64.71132486388385,82.94,77.0,57,551,5,28,6,39,6039,"Madera County, California",160940.0,76627.0,29624.0,23148.0,14.382999875730086,18.40685969926681,45379.0,14766.0,32.53928028383173,37.725239219584935,2.583571517335653,2.389710451099789,37.14,0.0,10.48277369291119
Marin,2020,82.35573770491803,109.94,98.96,107.96,50,488,4,55.58516393442624,87.98,69.98,12,488,4,3,6,41,6041,"Marin County, California",259441.0,121671.0,17522.0,57834.0,22.29177346679977,6.753751334600159,104900.0,38181.0,36.39752144899905,76.7295839901943,2.313049980535073,5.804787986478621,6.11,1.0,27.736587400226124
Marin,2021,81.68854130052723,105.98,96.08,102.02,44,569,5,54.03043478260869,75.92,64.94,2,598,5,2,6,41,6041,"Marin County, California",262387.0,131008.0,17840.0,58676.0,22.3623883805219,6.799117334319154,103751.0,37608.0,36.24832531734634,75.31699360105493,2.284030839942528,6.056321387873638,5.62,1.0,27.154710168725224
Marin,2022,81.4397609561753,111.02,98.96,107.96,44,502,5,55.05972111553785,82.94,66.92,10,502,5,6,6,41,6041,"Marin County, California",260485.0,142019.0,17809.0,60391.0,23.184060502524137,6.836862007409255,103709.0,37265.0,35.93227203039273,73.78889379426839,2.3893890243200184,6.297099641054188,5.83,0.0,27.25172637422832
Marin,2023,79.74285714285715,102.02,93.92,98.96,28,609,5,53.61298360655737,77.0,62.96,1,610,5,1,6,41,6041,"Marin County, California",258765.0,142785.0,19907.0,60192.0,23.261260216799027,7.69308059436168,103201.0,37274.0,36.11786707493144,70.43726933704326,2.345757733851178,6.199060924004406,5.89,0.0,27.5861624784542
Marin,2024,83.52026315789473,105.98,98.64499999999998,104.0,85,608,5,54.41861386138614,78.08,64.94,5,606,5,5,6,41,6041,"Marin County, California",257969.0,149091.0,21068.0,61345.0,23.77998906845396,8.166872763781695,103018.0,36402.0,35.33557242423654,67.68836565633856,2.197938511991751,6.214312572440875,8.71,0.0,27.92433797079528
Mariposa,2020,85.69733629300777,109.94,100.04,104.0,184,901,8,61.0722974472808,82.94,73.94,35,901,8,4,6,43,6043,"Mariposa County, California",17319.0,50960.0,2668.0,4881.0,28.18292049194526,15.405046480743692,7846.0,2326.0,29.645679327045627,87.38379814077025,1.535885443732317,1.073965009527109,,,19.579180843428087
Mariposa,2021,87.78761904761905,109.94,102.02,107.06,278,945,8,62.27771428571429,86.0,75.02,60,945,8,5,6,43,6043,"Mariposa County, California",17225.0,53304.0,2236.0,4861.0,28.22060957910015,12.9811320754717,7588.0,2159.0,28.45282024248814,85.77068214804063,0.865021770682148,1.0798258345428156,,,19.394013547565745
Mariposa,2022,84.62857142857143,111.02,100.94,105.90799999999996,145,609,5,62.78708196721312,84.02,75.02,42,610,5,8,6,43,6043,"Mariposa County, California",17130.0,60021.0,2712.0,5027.0,29.346176298890835,15.831873905429072,7597.0,1993.0,26.234039752533896,81.97898423817863,0.8172796263864566,1.3426736719206072,,,18.961110087546764
Mariposa,2023,81.24230508474577,107.06,98.96,105.08,116,885,8,58.31518181818182,82.04,73.04,27,880,8,3,6,43,6043,"Mariposa County, California",17060.0,65378.0,2347.0,5009.0,29.36107854630715,13.757327080890974,7515.0,1899.0,25.269461077844312,79.68347010550997,1.313012895662368,1.6236811254396248,,,18.95100525479757
Mariposa,2024,87.52347826086957,111.02,102.92,107.96,287,1035,9,62.33764478764479,84.02,75.92,77,1036,9,11,6,43,6043,"Mariposa County, California",17082.0,68412.0,2371.0,5073.0,29.69792764313312,13.880107715724154,7508.0,1897.0,25.26638252530634,77.2099285797916,1.06544901065449,1.908441634469032,120.14,0.0,19.062903443420645
Mendocino,2020,85.62144174350378,113.0,102.92,107.96,282,1193,10,55.316783919598,84.91999999999999,68.0,10,1194,10,3,6,45,6045,"Mendocino County, California",87110.0,52915.0,13929.0,19234.0,22.08012857306853,15.990127425094707,34164.0,13553.0,39.67041330055029,80.02410745035013,0.4867409023074274,1.9974744575823675,32.14,1.0,53.65221233676435
Mendocino,2021,87.38216926869352,111.92,105.08,109.04,411,1217,10,55.01711238720262,82.94,69.98,21,1219,10,5,6,45,6045,"Mendocino County, California",91534.0,56378.0,14246.0,20497.0,22.39277208468984,15.563615705639435,34183.0,13580.0,39.72734985226575,77.349400222868,0.6937312911049446,2.20573775864706,18.54,1.0,51.29936585229992
Mendocino,2022,84.34003289473684,116.96,104.0,109.94,308,1216,10,54.41917763157895,84.91999999999999,68.0,11,1216,10,5,6,45,6045,"Mendocino County, California",91145.0,61335.0,14483.0,21197.0,23.256349772340776,15.890065280596852,34557.0,13513.0,39.10351014266284,73.6343189423446,0.7219266004717758,2.1515168138680125,24.65,0.0,51.313775507684575
Mendocino,2023,82.91574363188168,109.94,101.15600000000003,105.98,207,1217,10,53.79183237469187,82.04,66.02,11,1217,10,2,6,45,6045,"Mendocino County, California",90709.0,64688.0,13524.0,21829.0,24.06486677176465,14.909215182616938,34570.0,13526.0,39.126410182238935,68.30854711219393,0.9458818860311544,2.220286851359844,15.26,0.0,51.53501194952813
Mendocino,2024,86.7724200164069,116.96,105.08,111.75799999999994,375,1219,10,54.67275267050124,86.0,69.08,20,1217,10,7,6,45,6045,"Mendocino County, California",90244.0,68092.0,13637.0,22154.0,24.54900048756704,15.111253933779532,34842.0,13342.0,38.29286493312669,64.31563317228847,0.7446478436239529,2.113159877664997,39.05,0.0,51.650245341126
Merced,2020,94.67303529411764,111.92,105.98,109.04,477,850,7,60.59519434628975,82.04,71.96,28,849,7,12,6,47,6047,"Merced County, California",273661.0,56330.0,50124.0,30765.0,11.242011101326094,18.31609180701671,81306.0,38826.0,47.75293336285145,50.96414907495039,2.992753808544148,7.630243257168541,18.79,1.0,1.9313751539638084
Merced,2021,95.67516564417176,111.02,105.98,109.04,509,815,7,60.70878527607363,80.96,71.06,15,815,7,19,6,47,6047,"Merced County, California",279150.0,58861.0,52771.0,30988.0,11.10084184130396,18.90417338348558,81618.0,39472.0,48.3618809576319,46.17481640694968,2.886261866380082,7.503134515493462,29.07,1.0,1.927468160643948
Merced,2022,96.23668852459016,116.06,107.06,111.83899999999996,377,610,5,60.89413114754098,84.91999999999999,73.04,22,610,5,22,6,47,6047,"Merced County, California",282290.0,64772.0,51272.0,32222.0,11.41450281625279,18.162882142477592,82760.0,38604.0,46.64572257129048,41.62067377519572,2.9505118849410183,7.297814304438697,34.69,0.0,1.997441521813973
Merced,2023,92.17950762016412,111.92,105.08,109.04,362,853,7,59.43280187573271,78.08,71.06,14,853,7,22,6,47,6047,"Merced County, California",285597.0,65044.0,51655.0,33068.0,11.57855299600486,18.08667457991505,84605.0,39508.0,46.69700372318421,36.01298332965682,2.888685805523167,7.13978088005126,27.86,0.0,2.1697362968045155
Merced,2024,96.8437323943662,116.96,109.04,111.02,538,852,7,61.48028169014084,80.06,73.94,33,852,7,18,6,47,6047,"Merced County, California",290201.0,65510.0,54568.0,34001.0,11.716362107642633,18.803518940320675,86055.0,39581.0,45.9950031956307,31.516776303320803,2.784966281990758,7.226370687902523,46.9,0.0,2.4352696074433684
Modoc,2020,79.65373076923078,102.92,95.0,98.06,82,1560,13,48.81740693196406,73.94,62.06,0,1558,13,0,6,49,6049,"Modoc County, California",8853.0,51250.0,1537.0,2427.0,27.414435784479835,17.361346436236307,3594.0,842.0,23.427935447968835,88.11702247825596,1.3893595391392748,1.908957415565345,,,9.914690408667845
Modoc,2021,81.70338853503185,105.08,96.98,101.27479999999994,183,1570,13,50.29716656030632,75.02,66.02,1,1567,13,2,6,49,6049,"Modoc County, California",8723.0,51090.0,1664.0,2453.0,28.12105926860025,19.076005961251862,3413.0,870.0,25.490770583064755,85.01662272154076,1.9717986931101683,0.7680843746417517,,,9.783034048177038
Modoc,2022,80.65260714285715,107.96,96.98,102.02,167,1680,15,49.649755807028,77.0,64.04,4,1679,15,4,6,49,6049,"Modoc County, California",8651.0,54962.0,1430.0,2571.0,29.71910761761646,16.52988093861981,3403.0,846.0,24.860417278871584,83.18113512888684,1.9188533117558664,1.4218009478672986,,,9.83310943090891
Modoc,2023,76.3933412462908,102.92,93.02,96.98,48,1685,14,47.951683521713264,69.98,60.98,0,1681,14,0,6,49,6049,"Modoc County, California",8646.0,56648.0,1717.0,2680.0,30.99699282905389,19.858894286375204,3264.0,740.0,22.67156862745098,80.6615776081425,0.8327550312283136,1.1913023363405042,,,9.881091413407429
Modoc,2024,80.62132142857143,104.0,96.98,101.0156,138,1680,14,49.789069212410496,75.02,64.04,1,1676,14,3,6,49,6049,"Modoc County, California",8600.0,59455.0,1514.0,2722.0,31.651162790697672,17.604651162790695,3267.0,737.0,22.55892255892256,78.67441860465117,0.569767441860465,2.0581395348837206,,,9.902673784067735
Mono,2020,77.43171358629131,102.02,93.92,98.96,64,1634,14,44.884751381215466,69.98,59.0,0,1629,14,0,6,51,6051,"Mono County, California",14395.0,64924.0,1720.0,2198.0,15.269190691212223,11.94859326154915,5196.0,1661.0,31.966897613548884,83.12608544633552,0.5626953803403959,4.397360194511983,,,7.15248701362969
Mono,2021,78.72451963746224,103.82,94.46,99.5,78,1655,14,46.7144802431611,73.94,62.20399999999999,0,1645,14,0,6,51,6051,"Mono County, California",13291.0,71138.0,1312.0,1991.0,14.980061695884434,9.871341509292002,5361.0,1836.0,34.24734191382205,80.33255586487097,0.1354299902189451,4.612143555789632,,,6.994989542520893
Mono,2022,76.21971640783254,101.66,94.1,99.032,64,1481,14,46.970955414012735,76.28,60.98,1,1570,14,0,6,51,6051,"Mono County, California",13219.0,82038.0,1478.0,2075.0,15.697102655268932,11.180876011801196,5473.0,1730.0,31.60972044582496,78.95453513881534,0.3025947499810878,4.10015886224374,,,6.8882963236510815
Mono,2023,72.39532876712329,102.92,91.04,96.98,32,1460,12,44.74631147540983,75.02,59.79199999999993,1,1464,12,0,6,51,6051,"Mono County, California",13169.0,86953.0,1441.0,2164.0,16.43253094388336,10.94236464424026,5521.0,1702.0,30.82774859626879,74.07548029463133,0.0911230921102589,2.2477029387197205,,,6.872834704444742
Mono,2024,77.41975409836066,102.92,95.0,100.04,79,1464,12,47.61180327868853,73.04,62.06,0,1464,12,0,6,51,6051,"Mono County, California",13148.0,99415.0,1116.0,2297.0,17.470337693945847,8.487982963188317,5744.0,1986.0,34.57520891364902,71.14390021296015,0.0684514755095832,1.893824155765136,,,6.86340008660351
Monterey,2020,85.28783216783216,116.96,104.0,111.02,319,1287,11,54.40329192546584,78.98,64.94,5,1288,11,5,6,53,6053,"Monterey County, California",432977.0,76943.0,50052.0,59061.0,13.640678373216128,11.559967388567983,128003.0,61657.0,48.16840230307102,48.4665467218813,2.577966035147363,5.816937158324807,10.28,1.0,15.2505765029798
Monterey,2021,82.51857938718663,114.08,104.0,108.6620000000001,304,1436,12,54.09625348189415,75.92,62.06,2,1436,12,1,6,53,6053,"Monterey County, California",438953.0,82013.0,51288.0,59939.0,13.65499267575344,11.684166641986728,129977.0,62795.0,48.3123937311986,43.31853296366581,2.491838533966051,5.8366157652413815,4.52,1.0,13.970240557423258
Monterey,2022,84.42941176470589,114.98,105.08,109.94,340,1377,12,54.81349344978166,80.96,64.94,4,1374,12,5,6,53,6053,"Monterey County, California",437609.0,91043.0,51913.0,62381.0,14.254962763562906,11.86287302135011,130973.0,62614.0,47.80679987478335,39.74712585892886,2.234414740099038,5.924695333048452,11.11,0.0,14.250943851778374
Monterey,2023,79.93754098360655,111.92,102.02,107.06,195,1342,11,53.44367713004484,73.94,60.98,0,1338,11,0,6,53,6053,"Monterey County, California",435834.0,94486.0,52732.0,63232.0,14.50827608676698,12.099101951660494,132046.0,63013.0,47.7204913439256,36.50403594028919,2.1873006695209645,5.782476814567014,6.6,0.0,14.762077285704036
Monterey,2024,83.87373313343328,116.06,105.08,111.02,352,1334,11,53.65507159005275,75.92,64.04,1,1327,11,2,6,53,6053,"Monterey County, California",437613.0,97230.0,53589.0,65068.0,14.868845303955776,12.245751383071344,132489.0,63496.0,47.92548815373352,36.17717023945815,2.151215800261875,5.742288277542029,11.96,0.0,15.29143381777216
Napa,2020,87.36556390977444,113.0,102.73999999999997,109.36400000000002,151,665,6,54.82081081081082,75.02,64.94,1,666,6,7,6,55,6055,"Napa County, California",138572.0,92219.0,10163.0,26610.0,19.203013595820224,7.334093467655803,48484.0,17060.0,35.18686577015097,71.16444880639668,2.0653523078255347,7.566463643448892,13.17,1.0,22.70407038201177
Napa,2021,86.6838002773925,114.08,104.0,107.77999999999996,173,721,6,54.29131170662906,69.98,62.06,0,709,6,3,6,55,6055,"Napa County, California",138795.0,97498.0,10394.0,26755.0,19.27663100255773,7.488742389855542,48745.0,16803.0,34.47122781823777,66.95270002521706,2.054108577398321,7.771173313159696,8.06,1.0,15.083684082492702
Napa,2022,87.17065693430658,118.04,102.92,111.92,153,685,6,54.93684210526316,73.94,62.96,0,684,6,9,6,55,6055,"Napa County, California",137384.0,105809.0,10620.0,27774.0,20.21632795667617,7.730157805858033,49218.0,17142.0,34.82872119956114,63.56853782099808,1.8342747335934315,7.977639317533337,18.01,0.0,15.453774615153064
Napa,2023,83.2556,109.94,100.04,105.98,88,600,5,53.69,69.08,62.06,0,598,5,2,6,55,6055,"Napa County, California",136070.0,108970.0,11238.0,28017.0,20.59013742926435,8.25898434629235,49663.0,17678.0,35.59591647705535,60.05070919379732,1.9291541118541928,8.010582788270742,17.22,0.0,16.8187872333723
Napa,2024,87.87289256198346,113.0,103.78399999999996,108.99680000000004,160,605,5,53.93386138613861,71.06,61.79,0,606,5,6,6,55,6055,"Napa County, California",134869.0,111471.0,11184.0,28455.0,21.09825089531323,8.29249123223276,49763.0,18208.0,36.589433916765465,55.624346588170745,1.9900792620987773,8.21315498743225,28.85,0.0,17.475336719192995
Nevada,2020,83.73024000000001,107.96,98.06,102.92,144,1125,10,52.572526690391456,80.06,69.08,12,1124,10,1,6,57,6057,"Nevada County, California",99417.0,68333.0,9345.0,27250.0,27.409799128921613,9.399800838890734,40917.0,10312.0,25.20223867829997,92.13414204814066,0.4124043171690958,1.114497520544776,10.52,1.0,41.6047628745295
Nevada,2021,85.42882852292021,109.94,100.04,104.24840000000002,222,1178,10,54.16001697792869,80.06,71.06,13,1178,10,3,6,57,6057,"Nevada County, California",102090.0,74617.0,10567.0,28024.0,27.450288960720933,10.350670976589283,40877.0,10072.0,24.639772977469,90.50151826819472,0.4182583994514643,1.1764129689489666,19.52,1.0,41.15151186090196
Nevada,2022,83.0665331010453,114.98,100.04,105.08,187,1148,10,53.088956521739135,80.96,69.98,10,1150,10,4,6,57,6057,"Nevada County, California",102322.0,79395.0,10505.0,29045.0,28.3858798694318,10.266609331326595,41415.0,10415.0,25.14789327538332,88.03776313989171,0.3674674068137839,1.603760677078243,15.16,0.0,40.97519905836244
Nevada,2023,79.87921121822963,107.96,96.98,102.55999999999992,101,1141,10,51.03740578439965,77.0,66.92,1,1141,10,2,6,57,6057,"Nevada County, California",102452.0,84905.0,10745.0,29591.0,28.882793893725843,10.487838207160427,41873.0,10703.0,25.56062379098703,85.72697458321946,0.3064849880919845,1.7774177175652988,22.29,0.0,40.98472651638253
Nevada,2024,84.94548387096775,123.08,100.94,107.06,210,1116,10,53.60788908765653,82.94,71.06,17,1118,10,9,6,57,6057,"Nevada County, California",102481.0,89882.0,11173.0,30033.0,29.30592012177868,10.902508757720945,42865.0,10523.0,24.549165986235856,83.96580829617197,0.3776309754978971,1.782769488978445,44.47,0.0,40.87657313427734
Orange,2020,84.6535112936345,114.08,100.04,109.283,134,974,8,64.17384615384616,91.04,73.04,27,975,8,2,6,59,6059,"Orange County, California",3170345.0,94441.0,317682.0,468842.0,14.788358995629814,10.020423644745287,1040001.0,444773.0,42.7665934936601,57.62653591328388,1.7052087391119894,21.055563353515154,7.23,1.0,11.664703784329989
Orange,2021,82.73726899383985,104.0,96.08,100.04,62,974,8,63.91747433264887,78.08,69.98,8,974,8,1,6,59,6059,"Orange County, California",3182923.0,100485.0,311294.0,472415.0,14.842174944225794,9.780129773795974,1057592.0,455152.0,43.036634165160095,53.64854883388633,1.7303277521950735,21.314873152759272,5.07,1.0,11.679505987913394
Orange,2022,84.9898975409836,111.02,98.06,102.92,116,976,8,65.62588114754098,84.91999999999999,73.94,43,976,8,3,6,59,6059,"Orange County, California",3175227.0,109361.0,303810.0,488359.0,15.380286196860885,9.56813481366844,1066286.0,463327.0,43.45241333000715,50.2054498780717,1.6928868392716492,21.696244079557147,8.63,0.0,11.885184633303025
Orange,2023,80.35593846153846,102.02,95.0,96.98,50,975,8,62.773545081967214,82.94,69.98,7,976,8,0,6,59,6059,"Orange County, California",3164063.0,113702.0,296493.0,498997.0,15.77076689054548,9.370641482170235,1074654.0,468049.0,43.553459997357294,46.41039069070369,1.641939493619438,21.939797026797507,5.9,0.0,12.300478694219134
Orange,2024,82.99588114754098,113.0,96.305,107.96,70,976,8,63.84449230769231,87.98,69.98,24,975,8,6,6,59,6059,"Orange County, California",3165820.0,116289.0,296883.0,514824.0,16.261947931341645,9.377759948449375,1082960.0,472301.0,43.61204476619635,42.700785262586,1.626655969069625,22.370791769588923,9.95,0.0,12.574372243294306
Placer,2020,79.66519407198307,111.92,96.98,102.92,116,1417,12,53.99668547249647,77.0,68.0,9,1418,12,0,6,61,6061,"Placer County, California",391799.0,93677.0,27745.0,76618.0,19.555435312494417,7.081437165485363,145714.0,38820.0,26.641228708291585,80.3825430896965,1.610519679733741,8.151628768832998,19.37,1.0,33.54435678630963
Placer,2021,81.12153846153845,113.0,98.96,105.08,136,1248,11,55.50386837881221,78.98,71.06,18,1246,11,0,6,61,6061,"Placer County, California",400330.0,99734.0,27629.0,77770.0,19.42647315964329,6.9015562161217,149714.0,39858.0,26.62276073045941,77.83353733170134,1.6024279969025552,8.495741013663727,15.9,1.0,32.969646658447274
Placer,2022,79.29670235546038,114.98,98.96,104.0,132,1401,12,54.88222698072805,78.98,69.98,16,1401,12,1,6,61,6061,"Placer County, California",406608.0,109375.0,27446.0,81151.0,19.958043127533152,6.749990162515249,152537.0,39940.0,26.18381114090352,75.408009680085,1.618020304568528,8.722159918152126,20.27,0.0,32.88932333153245
Placer,2023,75.0245128939828,109.04,95.0,102.92,76,1396,12,51.21429184549356,78.08,66.02,4,1398,12,0,6,61,6061,"Placer County, California",412435.0,114678.0,27419.0,83236.0,20.181604374022573,6.6480778789385,155422.0,39976.0,25.72094040740693,72.49748445209548,1.6526240498502796,9.001175942875847,19.06,0.0,31.46252626280817
Placer,2024,80.26268131868132,111.92,100.04,107.06,137,1365,12,54.92825768667642,78.98,71.06,21,1366,12,0,6,61,6061,"Placer County, California",419156.0,115998.0,28078.0,85822.0,20.474954432240025,6.698699290956112,157954.0,39851.0,25.229497195386,69.10983023027227,1.6518909427516246,9.207073261506457,33.47,0.0,31.40584523529167
Plumas,2020,85.29871287128712,104.0,97.68199999999996,100.94,99,808,7,48.77542079207921,69.08,60.98,0,808,7,2,6,63,6063,"Plumas County, California",18844.0,57233.0,2310.0,5217.0,27.685204839736787,12.25854383358098,8332.0,2255.0,27.06433029284685,88.51093186160051,1.4805773721078326,1.2311611122903845,,,38.75203540008676
Plumas,2021,87.68681440443213,105.98,100.91299999999995,104.0,192,722,7,50.55672676837725,70.88,64.75999999999999,0,721,7,5,6,63,6063,"Plumas County, California",19631.0,57885.0,2287.0,5546.0,28.251235291121183,11.649941419183945,8231.0,2280.0,27.70015793949702,88.64041566909479,1.7472365136773471,0.7080637766797412,,,29.802985169361836
Plumas,2022,85.53363636363636,111.02,99.806,104.0,132,704,6,50.46031117397455,73.94,64.58,0,707,6,7,6,63,6063,"Plumas County, California",19650.0,67885.0,2101.0,5814.0,29.587786259541986,10.692111959287532,8104.0,2081.0,25.6786771964462,87.77099236641222,1.7811704834605595,0.6412213740458015,,,24.31030713882894
Plumas,2023,82.51145695364238,105.08,98.06,101.98760000000004,61,604,6,48.95337748344371,71.06,60.08,0,604,6,3,6,63,6063,"Plumas County, California",19607.0,64946.0,2075.0,5848.0,29.826082521548425,10.582955067067884,8055.0,2031.0,25.214152700186222,87.06584383128475,1.3566583363084612,0.867037282603152,,,24.98271797168678
Plumas,2024,87.92075,109.94,100.94,105.08,188,720,6,51.54809986130375,71.96,64.94,0,721,6,12,6,63,6063,"Plumas County, California",19423.0,66031.0,2036.0,6114.0,31.478144467898883,10.482417752149512,8054.0,2048.0,25.428358579587783,83.74607424187819,1.6217886011429747,1.009112907377851,59.82,0.0,25.866840025181823
Riverside,2020,96.38113628677716,122.0,114.08,117.43520000000004,1668,2957,25,65.25360955056179,95.0,84.91999999999999,569,2848,24,23,6,65,6065,"Riverside County, California",2437864.0,70732.0,300424.0,352375.0,14.45425175481487,12.323246907948926,736413.0,239154.0,32.475526640621496,55.731328736959895,6.477309644836628,6.746233588091871,24.74,1.0,2.5972607107448926
Riverside,2021,95.58371687353235,123.08,111.92,118.04,1684,2981,25,66.96331584470094,95.0,86.0,630,2859,24,28,6,65,6065,"Riverside County, California",2409331.0,76066.0,283249.0,345478.0,14.339167179602969,11.756334019692604,740506.0,236037.0,31.875096217991484,51.15735446893764,6.485410265339217,6.796866017994206,26.5,1.0,2.5258633363135194
Riverside,2022,95.53255088195388,116.06,109.94,114.08,1665,2948,25,67.88955826086956,93.92,86.0,739,2875,24,16,6,65,6065,"Riverside County, California",2429487.0,84505.0,272432.0,359162.0,14.783450168698163,11.213560722901583,749976.0,236155.0,31.48834096024406,46.84190530758139,6.467414725824834,6.862601034704034,33.43,0.0,2.554814740642986
Riverside,2023,91.56372602739728,120.02,113.0,116.96,1284,2920,25,63.89303275801339,93.92,84.91999999999999,482,2839,24,21,6,65,6065,"Riverside County, California",2449909.0,89672.0,266955.0,371046.0,15.14529723348908,10.896527177131883,762234.0,237362.0,31.140305995271795,42.17021938365874,6.476444635290535,7.043363651466238,30.31,0.0,2.5850553084112184
Riverside,2024,96.62985074626866,123.98,114.08,118.04,1619,2814,24,67.19713473160327,96.98,87.98,722,2813,24,57,6,65,6065,"Riverside County, California",2478600.0,93074.0,259442.0,382888.0,15.447752763656904,10.46727991608166,775335.0,239349.0,30.87039795701213,37.613894940692326,6.363430969095457,7.08641975308642,44.11,0.0,2.617204754756554
Sacramento,2020,93.8167213114754,111.92,104.81,109.04,172,366,3,60.90327868852459,80.06,71.06,9,366,3,10,6,67,6067,"Sacramento County, California",1537948.0,70684.0,210174.0,216519.0,14.078434381396509,13.665871667962769,547519.0,233285.0,42.60765379831568,54.575902436233214,9.68069141479426,16.67572635745812,14.43,1.0,3.392946983835996
Sacramento,2021,93.44934426229509,113.0,105.08,109.35500000000002,179,366,3,59.49967213114754,73.04,67.73,0,366,3,8,6,67,6067,"Sacramento County, California",1571767.0,76422.0,205590.0,221100.0,14.066970486083497,13.080183004223908,559036.0,236018.0,42.21874798760724,52.08074733723256,9.673889323290284,16.860832426180217,15.39,1.0,3.37100611088003
Sacramento,2022,94.31491803278688,116.06,107.06,114.08,186,366,3,61.72803278688525,80.96,69.98,4,366,3,12,6,67,6067,"Sacramento County, California",1579211.0,84010.0,204388.0,230399.0,14.589500706365394,12.942412381879306,563856.0,235192.0,41.71135892852076,49.75262963593845,9.622526692126636,17.20555391268171,17.69,0.0,3.398049204316491
Sacramento,2023,90.58459016393442,109.04,105.98,107.96,120,366,3,60.159180327868846,75.92,69.08,3,366,3,6,6,67,6067,"Sacramento County, California",1584047.0,88724.0,197472.0,236467.0,14.928029281959438,12.466296770234722,568223.0,235080.0,41.37108142401839,47.15908050708092,9.528947057757756,17.48792807284127,19.75,0.0,3.4606268890575604
Sacramento,2024,94.96901639344264,113.0,107.06,111.02,196,366,3,61.45950819672131,78.08,71.06,10,366,3,17,6,67,6067,"Sacramento County, California",1594006.0,92175.0,196831.0,243370.0,15.267822078461435,12.348196932759349,571057.0,233991.0,40.97506903864237,44.45679627303787,9.370416422522876,17.836005636114294,27.36,0.0,3.577057161674563
San Benito,2020,86.35893961708395,116.96,102.92,111.02,165,679,6,57.8240353460972,84.91999999999999,73.13000000000002,24,679,6,5,6,69,6069,"San Benito County, California",61547.0,85808.0,5709.0,7812.0,12.692738882480056,9.275837977480624,18389.0,6376.0,34.672902278536085,73.36994492014233,0.8497570962029019,2.8352316116138887,,,9.099107811197891
San Benito,2021,86.87559766763849,111.02,104.0,109.04,161,686,6,58.31148688046648,82.04,73.94,30,686,6,4,6,69,6069,"San Benito County, California",63329.0,95606.0,4875.0,8066.0,12.736660929432016,7.69789511913973,19144.0,6200.0,32.386126201420815,62.71218557059167,0.9505913562506908,3.123371599109413,,,9.04198567818596
San Benito,2022,87.28042016806722,114.08,104.0,109.94,178,714,6,58.69067226890756,84.91999999999999,75.02,38,714,6,10,6,69,6069,"San Benito County, California",64753.0,104451.0,4832.0,8524.0,13.163868855497045,7.462202523435208,19852.0,6765.0,34.07717106588757,53.84152085617655,0.9528516053310272,3.209117724275324,,,9.034567857507204
San Benito,2023,82.685,113.0,100.94,105.98,103,732,6,55.52909836065575,80.06,71.06,13,732,6,2,6,69,6069,"San Benito County, California",66056.0,108289.0,5118.0,8900.0,13.47341649509507,7.747971418190626,20188.0,6575.0,32.56885278383198,45.14957006176578,1.0339711759719028,3.463727746154778,,,9.045124015715134
San Benito,2024,87.94975409836066,116.06,104.0,110.68519999999994,200,732,6,57.92393442622951,82.94,75.02,42,732,6,7,6,69,6069,"San Benito County, California",67290.0,114394.0,4465.0,9234.0,13.722692822113242,6.635458463367513,20561.0,6591.0,32.05583386022081,36.58790310595928,0.9496210432456532,3.932233615693268,19.54,0.0,9.10911297690845
San Bernardino,2020,94.93048820625344,123.08,111.92,116.96,1949,3646,31,65.17575308641975,96.08,82.94,689,3645,30,21,6,71,6071,"San Bernardino County, California",2162532.0,65761.0,315656.0,250032.0,11.562002319503248,14.59659325272412,640090.0,255316.0,39.88751581808808,56.06760963537187,8.162792504342132,7.394896352978823,18.34,1.0,1.1359497361077238
San Bernardino,2021,94.81408287292815,122.0,111.02,116.06,1972,3620,30,67.5171168185584,98.06,84.91999999999999,975,3621,30,28,6,71,6071,"San Bernardino County, California",2171071.0,70287.0,302798.0,250907.0,11.556830707056562,13.946941394362506,651743.0,257494.0,39.508517928079016,50.7227538850641,8.02226182377269,7.498418983073331,19.55,1.0,1.0799533887408863
San Bernardino,2022,93.57933490288406,118.04,109.04,114.08,1696,3398,28,67.28624522199352,95.0,84.02,892,3401,28,17,6,71,6071,"San Bernardino County, California",2180563.0,77423.0,294246.0,259927.0,11.920178412639304,13.494038007615464,659928.0,256823.0,38.91682122898256,44.73436447376205,7.876956547460449,7.753181173852807,23.66,0.0,1.0946266541599652
San Bernardino,2023,90.91256729377712,122.0,111.02,118.04,1395,3455,29,64.02125216387768,96.98,82.94,663,3466,29,20,6,71,6071,"San Bernardino County, California",2187816.0,82184.0,291226.0,269001.0,12.295412411281388,13.311265664022931,668004.0,256923.0,38.46129663894228,39.11000742292771,8.010271430504211,8.125774745225375,21.95,0.0,1.119918274285287
San Bernardino,2024,95.75148640483384,123.08,113.0,116.96,1863,3310,28,67.184043915828,96.08,86.0,942,3279,27,37,6,71,6071,"San Bernardino County, California",2197104.0,85478.0,287814.0,276984.0,12.60677692089223,13.099698512223362,674915.0,256079.0,37.942407562433786,32.93112205885566,7.831900538162964,8.371656507839411,33.23,0.0,1.135714337051642
San Diego,2020,86.35303200692042,122.0,105.84499999999952,114.77299999999958,964,4624,40,61.1080701754386,98.06,75.02,274,4617,40,3,6,73,6073,"San Diego County, California",3323970.0,82426.0,353841.0,467737.0,14.071637228976194,10.64513217628318,1130703.0,521353.0,46.108748274303686,66.59530621515837,4.935122759832369,11.989458388613617,8.01,1.0,9.514795886201512
San Diego,2021,85.30783957456238,122.0,102.56,113.0,806,4513,38,62.41119131975199,96.98,75.02,232,4516,38,1,6,73,6073,"San Diego County, California",3296317.0,88240.0,344458.0,464864.0,14.102527153790124,10.449783804166891,1139899.0,523706.0,45.943193212732005,61.98520955357145,4.90335122501871,11.960591168871195,7.55,1.0,9.484698856389208
San Diego,2022,85.43583509513742,116.96,102.02,111.02,815,4730,40,62.944352791878174,96.98,75.92,284,4728,40,2,6,73,6073,"San Diego County, California",3289701.0,96974.0,338752.0,481993.0,14.651574717580718,10.297349211980055,1149157.0,525840.0,45.75876055230052,57.75208749974542,4.819678140961747,12.088849412150225,9.97,0.0,9.617505542131411
San Diego,2023,81.58655717255718,120.92,100.04,113.0,672,4810,40,60.03490644490645,98.06,73.04,185,4810,40,0,6,73,6073,"San Diego County, California",3282782.0,102285.0,330602.0,493837.0,15.04324685586798,10.070787521072068,1159822.0,527628.0,45.49215310625251,53.010525828398,4.709298393862279,12.216985471469016,7.26,0.0,9.901645671093982
San Diego,2024,85.8652772887324,123.98,105.98,114.08,954,4544,39,61.99300572939621,96.08,75.92,286,4538,38,5,6,73,6073,"San Diego County, California",3288774.0,106268.0,328769.0,507734.0,15.43839740888246,9.996703938914624,1171278.0,532140.0,45.43242509464021,48.42555310884846,4.651246938828877,12.373395070625104,13.71,0.0,10.123070673155384
San Francisco,2020,68.28023952095808,100.04,81.716,92.0192,1,167,2,53.94821428571428,71.06,60.665,0,168,2,1,6,75,6075,"San Francisco County, California",874784.0,119136.0,87125.0,138157.0,15.79327011010718,9.959601455902256,362141.0,224462.0,61.98193521307999,44.86547536306105,5.136125032007902,34.3329324724732,5.85,1.0,7.458507688612993
San Francisco,2021,64.85432692307693,84.02,73.94,82.94,0,208,2,51.93435406698565,62.06,57.92,0,209,2,0,6,75,6075,"San Francisco County, California",865933.0,126187.0,87874.0,137953.0,15.9311401690431,10.147898278504226,361222.0,223174.0,61.78305861769216,43.427840260158696,5.212297025289486,34.37679358564692,3.23,1.0,7.348189009613495
San Francisco,2022,68.45885245901638,98.06,81.98599999999999,91.751,1,122,1,55.84557377049181,64.04,60.98,0,122,1,1,6,75,6075,"San Francisco County, California",851036.0,136689.0,87849.0,142119.0,16.699528574584388,10.322595048858098,360842.0,221725.0,61.44656109876345,41.88706470701592,5.1769842873861975,34.79547281196096,3.46,0.0,7.331530954581511
San Francisco,2023,64.66874418604651,87.08000000000001,73.30999999999999,82.1083999999999,0,215,2,55.02911627906977,62.06,60.08,0,215,2,0,6,75,6075,"San Francisco County, California",836321.0,141446.0,87135.0,143605.0,17.17103839315287,10.4188463520586,362650.0,223040.0,61.502826416655175,40.49162941023841,5.08740065118537,34.97185889150219,2.89,0.0,7.346762631812592
San Francisco,2024,64.59598130841123,89.06,75.335,85.8596,0,214,2,54.24632558139535,60.08,57.92,0,215,2,0,6,75,6075,"San Francisco County, California",830235.0,140970.0,91125.0,146510.0,17.646810842713208,10.97580805434606,363970.0,224913.0,61.79437865758168,39.066288460496125,4.978469951278855,35.19087969068998,4.16,0.0,7.414006156712345
San Joaquin,2020,93.8748051948052,113.0,105.08,109.67,101,231,2,59.73948051948052,80.06,70.52000000000001,4,231,2,13,6,77,6077,"San Joaquin County, California",751615.0,68628.0,100689.0,95949.0,12.76571116861691,13.396353186139182,231092.0,97711.0,42.2822944974296,51.51107947552936,7.066915907745322,15.891912747882891,17.08,1.0,4.015517785213599
San Joaquin,2021,92.2553781512605,107.96,102.02,106.6604,96,238,2,56.923949579831934,69.98,66.02,0,238,2,8,6,77,6077,"San Joaquin County, California",771406.0,74962.0,101951.0,97523.0,12.642240272956135,13.216257068262369,234662.0,95927.0,40.87879588514544,46.45841489436173,6.979852373458334,16.53253928540872,18.58,1.0,4.040666091591606
San Joaquin,2022,93.72444444444444,114.98,105.08,111.92,119,243,2,61.38592592592593,84.91999999999999,69.98,5,243,2,13,6,77,6077,"San Joaquin County, California",779445.0,82837.0,98352.0,101414.0,13.011052736241812,12.618209110328504,237423.0,95032.0,40.02645068085232,42.09161647069389,7.0296172276427455,17.17504121522365,23.34,0.0,4.367356959401273
San Joaquin,2023,91.00901639344262,109.04,102.92,107.573,83,244,2,58.393606557377055,73.04,68.0,0,244,2,16,6,77,6077,"San Joaquin County, California",787416.0,88531.0,97063.0,104481.0,13.268843914779485,12.326775173478822,241373.0,92851.0,38.46784851661122,37.09119448931696,6.990967925467606,17.861841771058753,24.77,0.0,4.73779495599022
San Joaquin,2024,94.67762295081968,111.02,105.845,109.553,124,244,2,59.67426229508197,78.08,71.06,6,244,2,16,6,77,6077,"San Joaquin County, California",797334.0,92179.0,97455.0,107730.0,13.511276328364277,12.222606837285252,245250.0,93220.0,38.01019367991845,31.9211271562482,6.8894591225258175,18.59810317884349,30.63,0.0,5.301896166930979
San Luis Obispo,2020,87.88572992700729,116.96,104.0,111.02,338,1096,9,56.42032967032967,91.94,71.96,36,1092,9,8,6,79,6079,"San Luis Obispo County, California",282517.0,77948.0,29547.0,56700.0,20.06958873271343,10.458485684047332,106244.0,39609.0,37.28116411279696,82.5780395516022,1.7220202678068932,3.737474205092083,12.56,1.0,9.2853176454809
San Luis Obispo,2021,87.73479927007298,114.08,104.27,109.04,365,1096,9,56.85116788321167,82.04,73.04,34,1096,9,5,6,79,6079,"San Luis Obispo County, California",282771.0,82514.0,32077.0,57234.0,20.240406548054786,11.343808240590445,106790.0,40139.0,37.58685270156381,79.8603817223124,1.4983856194588554,3.5848796375865986,12.68,1.0,9.266822914267408
San Luis Obispo,2022,89.10065573770493,113.0,105.08,109.94,372,1098,9,58.14758432087512,87.08000000000001,73.94,48,1097,9,9,6,79,6079,"San Luis Obispo County, California",281712.0,90158.0,33728.0,59439.0,21.099207701482364,11.972510933151588,108099.0,41068.0,37.99110075023821,76.79971034247743,1.2374339751235304,3.781166581473277,19.2,0.0,9.306143033511969
San Luis Obispo,2023,84.06233363719235,111.92,102.92,107.06,222,1097,9,55.169836065573776,80.96,71.06,21,1098,9,4,6,79,6079,"San Luis Obispo County, California",281486.0,93398.0,34424.0,60708.0,21.566969582856697,12.229382633594565,108897.0,41494.0,38.10389634241531,72.37944338261939,1.1329160242427687,3.7142166928373,17.56,0.0,9.39715000114381
San Luis Obispo,2024,89.45868852459016,114.08,105.98,109.94,394,1098,9,57.28508196721311,82.94,73.94,49,1098,9,10,6,79,6079,"San Luis Obispo County, California",281555.0,97446.0,34565.0,62338.0,22.14061195858713,12.276464633908118,109503.0,41517.0,37.91402975260952,69.34737440286978,1.160341673918062,3.718989185061533,13.03,0.0,9.514331314482298
San Mateo,2020,76.50844262295082,113.0,96.08,104.0,44,732,6,54.663950617283945,73.94,62.96,0,729,6,2,6,81,6081,"San Mateo County, California",765623.0,128091.0,46923.0,123817.0,16.172058571908106,6.128734377102046,263351.0,105648.0,40.11680229047925,48.31673029676486,2.3646102585737365,29.39135841007911,5.66,1.0,35.07336474975068
San Mateo,2021,75.01950000000001,107.06,91.04,96.80899999999995,19,720,6,53.733,66.02,60.08,0,720,6,0,6,81,6081,"San Mateo County, California",762488.0,136837.0,46644.0,123869.0,16.2453704189443,6.11734217456537,264892.0,106611.0,40.24696857587243,45.86393490782806,2.360561739988039,29.884011289358,3.22,1.0,32.7338911412059
San Mateo,2022,75.45411764705882,111.92,93.02,104.0,33,731,6,54.12811554332875,77.0,60.98,1,727,6,2,6,81,6081,"San Mateo County, California",754250.0,149907.0,48137.0,127520.0,16.906861120318197,6.382101425256878,264323.0,106955.0,40.46375078975345,43.43718926085515,2.2854491216440174,30.5169373549884,7.32,0.0,32.951704068244446
San Mateo,2023,73.16976744186046,100.04,89.06,95.0,11,731,6,53.792065663474695,66.02,60.98,0,731,6,0,6,81,6081,"San Mateo County, California",745100.0,156000.0,47945.0,128893.0,17.29875184538988,6.434706750771708,264424.0,108180.0,40.91156627235047,40.6903771305865,2.2190310025499933,30.79022949939605,4.35,0.0,33.28415967893511
San Mateo,2024,75.08509589041097,105.08,93.92,98.06,29,730,6,53.146409903713895,66.92,60.08,0,727,6,0,6,81,6081,"San Mateo County, California",742340.0,158855.0,49359.0,132242.0,17.81420912250451,6.649109572433116,264419.0,109812.0,41.52954212821317,37.84034270011046,2.126384136648975,31.383328393997363,4.6,0.0,33.67744373873526
Santa Barbara,2020,80.05459645669292,120.02,100.04,109.66100000000004,282,2032,17,56.64611275964392,98.06,69.08,37,2022,17,2,6,83,6083,"Santa Barbara County, California",444895.0,78925.0,54621.0,68020.0,15.289000775463874,12.2772789085065,148309.0,70805.0,47.74153962335394,71.82526214050506,1.904719091021477,5.5469268029535055,4.43,1.0,13.577363540579922
Santa Barbara,2021,79.32924444444444,111.02,100.94,105.98,301,2025,17,56.507644444444445,82.94,68.0,32,2025,17,0,6,83,6083,"Santa Barbara County, California",447651.0,84356.0,57269.0,68221.0,15.239773841675769,12.793225079358695,147446.0,69883.0,47.39565671500075,65.88525436109826,1.881599728359816,5.502724220430648,4.44,1.0,13.769088850733176
Santa Barbara,2022,80.70478539713864,114.08,101.6959999999998,107.96,324,2027,17,57.44521224086871,89.06,69.98,41,2026,17,3,6,83,6083,"Santa Barbara County, California",445213.0,92332.0,57513.0,70948.0,15.935743116216283,12.918086399094369,148032.0,69864.0,47.19520103761349,60.7926992248654,1.8937003187238468,5.4641261598381,9.59,0.0,13.99601488821412
Santa Barbara,2023,77.4895741405849,109.04,100.04,104.0,175,1949,17,56.41091841970241,82.04,66.02,29,1949,17,0,6,83,6083,"Santa Barbara County, California",443975.0,95977.0,58387.0,71982.0,16.213075060532688,13.150965707528576,148960.0,70206.0,47.13077336197637,54.2631904949603,1.6820766935075175,5.32890365448505,5.35,0.0,14.416072998224452
Santa Barbara,2024,80.04681034482758,114.08,102.02,107.96,328,2088,18,56.59706896551724,89.96000000000001,69.98,47,2088,18,2,6,83,6083,"Santa Barbara County, California",443701.0,98161.0,62400.0,73710.0,16.612538623983266,14.063524761044036,149608.0,71264.0,47.63381637345597,48.03550138494166,1.7061038852740924,5.340082623207971,7.02,0.0,14.702011897298524
Santa Clara,2020,83.19311827956989,111.92,98.06,105.08,76,837,7,59.8231654676259,84.91999999999999,73.04,29,834,7,3,6,85,6085,"Santa Clara County, California",1924379.0,130890.0,135771.0,259988.0,13.51022849449095,7.05531498732838,635314.0,277086.0,43.614023931473255,41.64361594051899,2.462041001278854,37.66695645712201,6.25,1.0,21.724389579648395
Santa Clara,2021,82.56921269095182,105.98,95.0,100.94,47,851,7,59.19374853113983,84.91999999999999,73.94,33,851,7,2,6,85,6085,"Santa Clara County, California",1932022.0,140258.0,126551.0,261889.0,13.555176907923409,6.5501842111528745,646847.0,283743.0,43.86555089534311,39.02786821268081,2.459495802842825,38.12844781270607,5.88,1.0,19.681301319602134
Santa Clara,2022,82.53481481481481,113.0,96.98,106.20320000000008,66,729,6,59.20543209876544,89.06,73.04,29,729,6,6,6,85,6085,"Santa Clara County, California",1916831.0,153792.0,129834.0,269943.0,14.082775163799,6.773367083483104,650352.0,288801.0,44.40687504612886,36.17715907140484,2.3913427944351904,38.93827885713451,8.84,0.0,19.611042128520303
Santa Clara,2023,78.68221311475409,109.04,93.02,97.72519999999994,24,732,7,57.16084815321478,82.04,71.96,24,731,7,1,6,85,6085,"Santa Clara County, California",1903297.0,159674.0,128470.0,273921.0,14.391920966617402,6.749866153311858,654467.0,292557.0,44.70156631273999,33.20369863452735,2.3813939705679146,39.49425654535262,7.12,0.0,19.817234397093788
Santa Clara,2024,83.33459905660378,107.96,96.08,101.51239999999996,81,848,7,61.06596698113208,82.94,75.60499999999998,54,848,7,2,6,85,6085,"Santa Clara County, California",1902047.0,164281.0,132836.0,282010.0,14.82665780603739,6.9838442478025,659353.0,296206.0,44.92373584407745,29.8696614752422,2.308933480613255,40.49905181102255,10.89,0.0,20.000705800823862
Santa Cruz,2020,79.82224887556222,120.92,98.96,110.30720000000004,65,667,6,55.18690582959641,86.0,66.92,11,669,6,3,6,87,6087,"Santa Cruz County, California",273170.0,89986.0,31120.0,44913.0,16.44141011091994,11.39217337189296,96275.0,38181.0,39.65827057907037,71.67002233041696,1.2710034044734049,4.965040084928799,7.53,1.0,51.17768541217954
Santa Cruz,2021,78.33892116182572,113.0,95.0,102.02,39,723,6,55.114834254143645,82.04,68.91800000000002,11,724,6,1,6,87,6087,"Santa Cruz County, California",272138.0,96093.0,28396.0,45785.0,16.8241847885999,10.434411952759262,96476.0,38155.0,39.548696048758245,68.53250924163476,1.1284715842697457,4.941610506434236,4.76,1.0,42.6508696683677
Santa Cruz,2022,81.16124590163935,116.96,98.96,107.96,66,610,5,54.49262295081967,84.91999999999999,69.08,6,610,5,5,6,87,6087,"Santa Cruz County, California",268571.0,104409.0,29302.0,47668.0,17.74875172673148,10.9103365590477,96487.0,38635.0,40.041663643806935,65.74499852925297,1.057076154908758,4.901124842220493,11.3,0.0,43.76767674418244
Santa Cruz,2023,76.72144262295082,102.92,96.08,99.94279999999998,39,610,5,53.842262295081966,78.08,64.94,6,610,5,0,6,87,6087,"Santa Cruz County, California",266021.0,109266.0,28613.0,48784.0,18.338401855492613,10.755917765890665,96873.0,38771.0,40.02250369039877,62.82661895113544,0.9566913890256784,4.739475454945286,7.31,0.0,44.85959782974441
Santa Cruz,2024,79.15816326530613,105.08,96.08,100.04,39,588,5,54.96768421052632,84.02,71.55499999999995,13,570,5,1,6,87,6087,"Santa Cruz County, California",264926.0,111093.0,29478.0,50275.0,18.97699735020345,11.126880713859718,96898.0,38819.0,40.061714380069766,60.02053403591946,0.8304205702724535,4.892309550591486,5.92,0.0,45.88030720994385
Shasta,2020,90.42625282167045,113.0,105.08,109.94,655,1772,15,59.60216338028169,84.91999999999999,73.04,51,1775,15,8,6,89,6089,"Shasta County, California",179267.0,57139.0,26504.0,36923.0,20.596651921435623,14.784650828094406,70845.0,24607.0,34.73357329381043,85.11661376605845,1.066565514009829,3.2197783194899228,21.17,1.0,35.27856782080157
Shasta,2021,92.51553873034362,116.06,107.06,111.77599999999993,851,1717,15,60.63216074548631,87.98,75.02,90,1717,15,20,6,89,6089,"Shasta County, California",181935.0,61937.0,25365.0,37180.0,20.43586995355484,13.941792398384036,71314.0,25286.0,35.457273466640494,83.25226042267843,1.1317228680572733,3.311072635831478,50.64,1.0,34.58318032427754
Shasta,2022,90.26170454545456,116.06,107.06,111.38900000000008,741,1760,15,59.58009090909091,89.06,75.02,89,1760,15,17,6,89,6089,"Shasta County, California",181852.0,68347.0,23753.0,38339.0,21.08252864967116,13.061720519983282,71107.0,24850.0,34.94733289268286,81.75164419417989,0.9667201900446516,3.071178760750501,40.64,0.0,34.220714517854105
Shasta,2023,87.38030508474577,113.0,104.0,109.31899999999996,480,1770,15,58.25457627118645,82.94,73.04,62,1770,15,10,6,89,6089,"Shasta County, California",181554.0,71931.0,23179.0,38580.0,21.24987606992961,12.767000451656257,71473.0,24762.0,34.645250654093154,80.17779834098945,0.8889917049472885,3.4083523359441266,45.59,0.0,34.478935186897814
Shasta,2024,91.8383430571762,120.02,107.96,114.08,766,1714,15,60.629279437609846,86.0,75.92,114,1707,15,15,6,89,6089,"Shasta County, California",181436.0,72636.0,23705.0,39009.0,21.50014330121916,13.065213077889725,71232.0,24538.0,34.4480008984726,78.2364029189356,0.9099627416830176,3.513635662161864,50.14,0.0,34.49441985372124
Sierra,2020,80.74433763188745,102.92,93.92,97.49840000000002,26,853,7,46.85487058823529,73.04,62.96,0,850,7,0,6,91,6091,"Sierra County, California",2898.0,52103.0,271.0,817.0,28.19185645272601,9.35127674258109,1250.0,333.0,26.640000000000004,93.92684610075916,0.10351966873706,0.0,,,42.85936414761994
Sierra,2021,82.83736670293797,102.92,96.08,99.6152,63,919,8,48.74998911860718,73.94,64.94,0,919,8,1,6,91,6091,"Sierra County, California",3079.0,56152.0,249.0,855.0,27.768756089639496,8.087041247158169,1151.0,243.0,21.112076455256297,90.15914257875932,0.0649561545956479,0.0,,,42.39595753967725
Sierra,2022,79.8629411764706,104.0,93.92,97.87640000000005,40,918,8,47.70298800436205,77.0,64.04,1,917,8,0,6,91,6091,"Sierra County, California",2916.0,61108.0,359.0,909.0,31.17283950617284,12.311385459533607,1135.0,195.0,17.180616740088105,89.16323731138546,0.2400548696844993,0.0,,,42.40978154581324
Sierra,2023,77.0142105263158,102.02,91.94,96.98,25,950,8,45.34365930599369,73.04,59.0,0,951,8,0,6,91,6091,"Sierra County, California",2731.0,60000.0,325.0,942.0,34.49285975833028,11.90040278286342,1206.0,262.0,21.72470978441128,90.40644452581472,0.2929329915781765,0.0,,,42.49816017522759
Sierra,2024,81.23156862745098,105.08,95.0,98.96,52,918,8,47.56217391304347,75.92,64.04,2,920,8,1,6,91,6091,"Sierra County, California",2746.0,63355.0,114.0,963.0,35.06919155134741,4.151493080844865,1219.0,340.0,27.891714520098443,86.41660597232338,0.291332847778587,0.0,,,42.42782801197643
Siskiyou,2020,85.7701759044142,111.02,100.94,105.08,622,3013,27,52.0915171723908,75.02,64.94,1,2999,27,3,6,93,6093,"Siskiyou County, California",43516.0,47403.0,7294.0,10983.0,25.23899255446273,16.761650887030058,19195.0,6536.0,34.050533993227404,83.17630296902288,1.5350675613567424,1.257008916260686,,,34.91476292930156
Siskiyou,2021,87.29173985920215,116.06,102.92,107.06,837,2983,28,53.89293762575453,77.0,68.0,3,2982,28,11,6,93,6093,"Siskiyou County, California",44151.0,49857.0,7309.0,11250.0,25.480736563158253,16.554551425788773,18598.0,6164.0,33.143348747177114,81.78750198183506,1.7281601775724218,1.4722203347602545,,,33.093301026603115
Siskiyou,2022,85.99780093424363,118.94,102.92,109.04,711,2783,27,53.541960502692994,80.96,68.0,15,2785,27,8,6,93,6093,"Siskiyou County, California",44049.0,53898.0,7289.0,11610.0,26.357011509909416,16.547481214102476,18768.0,6024.0,32.09718670076726,79.98592476560195,1.6095711593906787,1.607300960294218,33.01,0.0,31.621835125402544
Siskiyou,2023,83.24647605432452,113.0,100.04,105.98,417,2798,27,51.75084466714387,75.92,64.94,2,2794,27,4,6,93,6093,"Siskiyou County, California",43834.0,55499.0,7196.0,11903.0,27.15472008030296,16.41648035771319,18907.0,5728.0,30.295657692917967,79.4360542044988,1.6790619154081303,1.6174658940548432,,,31.37970377827272
Siskiyou,2024,86.65878392305049,114.98,102.92,107.96,731,2911,26,53.24247422680413,78.08,68.0,12,2910,26,10,6,93,6093,"Siskiyou County, California",43466.0,59095.0,7037.0,12101.0,27.840150922560163,16.189665485666957,19079.0,5876.0,30.798259866869333,77.46744581972116,1.361984079510422,1.840519026365435,55.08,0.0,31.21412875920736
Solano,2020,92.36542016806725,113.0,105.08,111.02,202,476,4,59.08832298136646,78.98,69.98,11,483,4,8,6,95,6095,"Solano County, California",444538.0,84638.0,39388.0,69968.0,15.739486838020596,8.860434878458085,151191.0,57352.0,37.93347487615004,50.67238346328098,13.72008692170298,15.5597496726939,14.69,1.0,3.485121709859901
Solano,2021,91.83022587268994,116.96,105.98,110.0912,203,487,4,57.70318181818182,69.08,64.94,0,484,4,5,6,95,6095,"Solano County, California",451432.0,89648.0,39020.0,71693.0,15.88124014247993,8.643605238441227,153632.0,57592.0,37.48698187877525,48.48858742844991,13.41398040014886,15.6251661379787,13.65,1.0,2.5329762034627312
Solano,2022,91.92188911704312,116.06,105.98,114.08,197,487,4,58.999630390143736,78.98,68.0,6,487,4,11,6,95,6095,"Solano County, California",450995.0,97037.0,39705.0,74541.0,16.52812115433652,8.803867005177441,154987.0,57295.0,36.96761663881488,46.026009157529465,13.23717557844322,15.70172618321711,16.65,0.0,2.625529461266344
Solano,2023,88.68111111111112,109.94,104.0,109.04,137,486,4,57.173,75.02,66.06499999999996,1,480,4,6,6,95,6095,"Solano County, California",450824.0,99994.0,42767.0,76287.0,16.92168118822423,9.486407112309903,155800.0,57290.0,36.77150192554557,42.74506237467393,12.88817809167214,15.90154916330985,14.05,0.0,2.793070641587059
Solano,2024,93.04550308008214,113.0,107.06,111.02,223,487,4,59.346296296296295,82.94,69.08,4,486,4,9,6,95,6095,"Solano County, California",451918.0,100401.0,44182.0,78738.0,17.42307232728061,9.77655238339699,157512.0,58249.0,36.98067448829296,39.15754628051992,12.697878818723751,16.289902150390116,22.1,0.0,2.972266203306893
Sonoma,2020,82.53872857142858,114.08,98.96,107.97079999999998,162,1400,12,53.53229002153625,87.08000000000001,66.02,16,1393,12,3,6,97,6097,"Sonoma County, California",496801.0,86173.0,43086.0,97461.0,19.61771413503596,8.672687856908501,188958.0,73113.0,38.69272536754199,72.50387982310824,1.6638452821149716,4.275152425216536,11.38,1.0,31.81474012805863
Sonoma,2021,80.66478359908884,109.04,98.06,103.8271999999999,132,1317,11,53.11735963581183,82.04,62.06,10,1318,11,1,6,97,6097,"Sonoma County, California",492498.0,91607.0,42142.0,97815.0,19.86099435936796,8.556786017405146,188841.0,72886.0,38.59649122807017,70.35196082014546,1.570970846582118,4.388444217032354,8.91,1.0,29.591567948526745
Sonoma,2022,81.5447256097561,116.96,100.04,109.04,146,1312,11,54.121204268292686,84.91999999999999,64.94,8,1312,11,6,6,97,6097,"Sonoma County, California",488436.0,99266.0,42925.0,100577.0,20.591643531598816,8.788254755996691,189653.0,72732.0,38.35003928226814,67.67375869100559,1.5537347779442956,4.469981737627857,13.38,0.0,29.730808510136537
Sonoma,2023,78.65133383571967,105.08,96.08,100.706,98,1327,11,53.51394259818731,82.94,60.98,9,1324,11,1,6,97,6097,"Sonoma County, California",485642.0,102840.0,41044.0,101805.0,20.96297272476433,8.45149307514589,190498.0,72009.0,37.80039685456016,64.54981241325915,1.5538194801932288,4.435160056173066,13.56,0.0,30.029652890490283
Sonoma,2024,83.25610451306414,109.04,100.04,105.08,201,1263,11,53.44152019002375,87.08000000000001,64.04,18,1263,11,2,6,97,6097,"Sonoma County, California",485040.0,104674.0,42583.0,104389.0,21.5217301665842,8.779275936005277,190998.0,71400.0,37.38259039361669,61.81696354939798,1.5730661388751443,4.507875639122546,21.36,0.0,30.25589082590022
Stanislaus,2020,91.31196721311476,111.02,102.02,105.98,115,366,3,64.91344262295083,91.94,77.81,27,366,3,8,6,99,6099,"Stanislaus County, California",546235.0,62873.0,73072.0,71230.0,13.040175016247584,13.377392514210918,174826.0,72151.0,41.27017720476359,70.42811244244693,3.1050738235374884,5.8588336521826685,24.08,1.0,5.837386909575772
Stanislaus,2021,91.94546961325968,109.04,102.02,107.06,130,362,3,64.82812154696133,89.06,77.0,35,362,3,6,6,99,6099,"Stanislaus County, California",550842.0,68368.0,74272.0,71345.0,12.951989862791873,13.483358204348978,175067.0,70847.0,40.46850634328572,64.77174943087128,2.970180196862258,5.795672806358266,28.44,1.0,5.041802619551098
Stanislaus,2022,92.15245901639344,111.92,102.92,107.573,98,244,2,64.29450819672131,78.98,72.878,5,244,2,11,6,99,6099,"Stanislaus County, California",552063.0,74872.0,75125.0,73575.0,13.32728329918868,13.608048356799856,175747.0,69388.0,39.48175502284534,57.2516180218562,2.8494936266331923,6.015980060246747,34.23,0.0,5.305633615663239
Stanislaus,2023,88.23967213114754,105.98,100.94,103.29800000000004,86,366,3,62.315245901639344,82.04,73.94,16,366,3,5,6,99,6099,"Stanislaus County, California",552250.0,79661.0,71943.0,74905.0,13.5636034404708,13.027252150294249,176457.0,68813.0,38.99703610511342,50.08854685377999,2.838207333635129,5.981349026708918,31.31,0.0,5.780188413400628
Stanislaus,2024,93.2764383561644,111.02,105.08,107.96,168,365,3,65.92655737704918,82.94,77.0,45,366,3,14,6,99,6099,"Stanislaus County, California",553990.0,81468.0,74260.0,76271.0,13.767577032076392,13.404574089785015,177874.0,69046.0,38.817365101139,42.82189209191502,2.738497084784924,6.125561833246088,43.05,0.0,6.365502981761198
Tehama,2020,89.59556650246306,113.0,104.0,109.94,271,812,7,63.05155172413793,84.02,75.92,64,812,7,5,6,103,6103,"Tehama County, California",64176.0,48895.0,11922.0,12707.0,19.800236848666167,18.57703814510097,24661.0,8379.0,33.97672438262844,84.12334829219647,0.6544502617801047,1.6984542508102718,32.72,1.0,21.17251796326386
Tehama,2021,91.58390306122448,114.98,105.98,111.02,340,784,7,63.37992346938776,87.08000000000001,77.0,94,784,7,7,6,103,6103,"Tehama County, California",65345.0,52901.0,11597.0,12794.0,19.57915678322749,17.747341036039483,24551.0,8055.0,32.80925420553134,80.5998928762721,0.9059606702884688,1.784375239115464,58.95,1.0,18.037376848098443
Tehama,2022,91.53219672131148,114.98,107.06,112.90279999999996,274,610,5,65.59980327868853,89.96000000000001,78.08,82,610,5,17,6,103,6103,"Tehama County, California",65484.0,59029.0,10483.0,13008.0,19.86439435587319,16.008490623663796,24623.0,8103.0,32.90825650814279,74.49300592511148,0.9559587074705272,1.887483965548836,51.52,0.0,16.94261383761659
Tehama,2023,85.98112038140644,113.0,104.0,109.598,191,839,7,60.51992857142857,84.91999999999999,75.92,54,840,7,4,6,103,6103,"Tehama County, California",65520.0,61834.0,9988.0,13075.0,19.955738705738707,15.244200244200243,24526.0,7952.0,32.422735056674554,69.31318681318682,0.8714896214896215,1.82997557997558,24.21,0.0,17.23036901997605
Tehama,2024,90.47412776412776,118.04,107.06,113.0,299,814,7,63.548529411764704,87.98,78.98,102,816,7,12,6,103,6103,"Tehama County, California",65167.0,63784.0,10025.0,13085.0,20.07918118065892,15.38355302530422,24788.0,8148.0,32.870743908342746,66.71628278116223,0.8562616047999754,1.956511731397793,50.31,0.0,16.33119310930323
Trinity,2020,88.02364400840925,111.92,102.92,107.96,402,1427,12,54.03759272218335,77.0,66.92,2,1429,12,8,6,105,6105,"Trinity County, California",12541.0,41780.0,2860.0,3507.0,27.96427717087952,22.80519894745236,5896.0,1855.0,31.46200814111262,85.27230683358584,0.5182999760784626,1.9456183717406907,,,50.23367369238725
Trinity,2021,89.58745127436282,114.08,105.08,109.94,472,1334,11,55.74678651685394,77.0,68.0,2,1335,11,20,6,105,6105,"Trinity County, California",15818.0,42206.0,3512.0,4390.0,27.75319256543179,22.20255405234543,5492.0,1630.0,29.67953386744356,82.39979769882413,0.5563282336578581,2.143128081931976,,,43.90329670091895
Trinity,2022,87.4033830104322,120.92,105.08,111.02,410,1342,11,55.240521609538,78.98,69.08,9,1342,11,9,6,105,6105,"Trinity County, California",15889.0,47317.0,3457.0,4396.0,27.666939392032223,21.75719050915728,5483.0,1600.0,29.18110523436075,80.73509975454716,1.3720183774938637,2.4671156145761217,,,40.66053338786002
Trinity,2023,85.35436065573771,113.0,102.02,106.85479999999994,242,1220,10,53.39550819672131,75.92,66.02,1,1220,10,9,6,105,6105,"Trinity County, California",15886.0,53498.0,2830.0,4662.0,29.34659448571069,17.814427798061185,5373.0,1449.0,26.968174204355112,80.46078307944101,0.925343069369256,2.4424021150698727,,,41.20275522060589
Trinity,2024,89.35680065627564,118.04,105.08,111.75799999999994,382,1219,10,54.279721311475406,82.04,69.08,8,1220,10,15,6,105,6105,"Trinity County, California",15860.0,53002.0,3257.0,4795.0,30.233291298865065,20.5359394703657,5585.0,1579.0,28.272157564906,78.25977301387137,1.0970996216897857,0.6368221941992434,,,41.51346874127735
Tulare,2020,86.37264966163457,109.04,102.02,105.98,510,1921,17,59.46367325702393,87.08000000000001,73.94,86,1922,17,5,6,107,6107,"Tulare County, California",463955.0,52534.0,99610.0,52826.0,11.386018040542725,21.469754609822072,139044.0,59691.0,42.929576249244846,66.77328620232565,1.6393831298294017,3.73096528758177,21.87,1.0,13.857280087148126
Tulare,2021,87.92478827361563,111.92,104.0,107.96,604,1842,17,61.28224755700325,89.06,75.92,140,1842,17,5,6,107,6107,"Tulare County, California",470999.0,57394.0,91866.0,53130.0,11.280278726706426,19.50450000955416,139631.0,59506.0,42.616610924508166,59.34195189374075,1.663485485107187,3.650750850851063,29.84,1.0,12.58433515286624
Tulare,2022,84.91301610541728,114.08,102.02,105.98,310,1366,12,60.74254758418741,86.0,77.0,123,1366,12,4,6,107,6107,"Tulare County, California",473446.0,64474.0,86391.0,54353.0,11.48029553528808,18.24727635253017,140670.0,58592.0,41.65209355228549,50.86345644487439,1.6253173540382642,3.581189829463128,31.27,0.0,11.7998640104572
Tulare,2023,82.40090858104318,109.94,102.02,107.06,323,1783,16,57.63959595959596,84.91999999999999,73.04,53,1782,16,3,6,107,6107,"Tulare County, California",475774.0,69489.0,83473.0,55879.0,11.744862056354489,17.544674572381005,142026.0,58773.0,41.38185965949896,42.63452815832727,1.499871787865667,3.522680936747279,29.81,0.0,11.858432517790767
Tulare,2024,87.25226872246695,114.08,105.08,109.04,570,1816,15,60.85818281938327,87.08000000000001,75.92,125,1816,15,10,6,107,6107,"Tulare County, California",478693.0,71300.0,84619.0,57101.0,11.928522038133,17.677091580616384,143195.0,59494.0,41.5475400677398,37.04169478141523,1.5565299680588602,3.672917715529577,49.81,0.0,11.872694196834637
Tuolumne,2020,85.4988202764977,111.02,100.04,105.98,222,1085,9,55.4089502762431,82.04,71.06,23,1086,9,4,6,109,6109,"Tuolumne County, California",54147.0,60509.0,5564.0,14109.0,26.056845254584744,10.27573088075055,22937.0,6051.0,26.38095653311244,86.62529780043215,1.85975215616747,1.3906587622582969,,,25.997396630186643
Tuolumne,2021,87.62214678899082,113.0,102.02,107.06,357,1090,9,56.80433027522936,82.04,71.96,27,1090,9,5,6,109,6109,"Tuolumne County, California",55243.0,66846.0,5119.0,14448.0,26.15353981499918,9.266332386003656,23103.0,5841.0,25.28243085313596,85.35199029741325,1.7070036022663504,1.4354759879079704,22.78,1.0,25.54884685681268
Tuolumne,2022,88.01149478563151,114.08,102.92,107.96,278,863,8,58.73177700348432,80.96,73.04,26,861,8,9,6,109,6109,"Tuolumne County, California",54993.0,70432.0,5887.0,14987.0,27.25255941665303,10.704998818031386,22831.0,5840.0,25.579256274363804,84.22162820722637,1.5383776116960342,1.4729147346025857,33.28,0.0,25.53387706090577
Tuolumne,2023,83.58173076923077,107.96,100.94,104.70199999999996,159,936,9,55.04019189765458,78.08,69.98,22,938,9,3,6,109,6109,"Tuolumne County, California",54873.0,72259.0,5547.0,15199.0,27.698503817906804,10.108796675960855,22809.0,5897.0,25.853829628655355,82.57066316767809,1.731270387986806,1.2957192061669671,33.28,0.0,25.707724718544103
Tuolumne,2024,87.72487755102041,111.92,102.97399999999996,109.04,306,980,9,56.86718367346938,82.94,75.02,51,980,9,12,6,109,6109,"Tuolumne County, California",54498.0,77404.0,5384.0,15339.0,28.145987008697563,9.87926162427979,22690.0,5919.0,26.08638166593213,80.5075415611582,1.9853939594113543,1.5486806855297444,69.81,0.0,25.76584193318399
Ventura,2020,84.87200896191187,118.04,102.02,107.96,264,1339,11,56.412483221476506,87.98,71.06,24,1341,11,3,6,111,6111,"Ventura County, California",845599.0,89295.0,74449.0,131672.0,15.571446986100977,8.804291395803448,271639.0,99602.0,36.66704707350564,75.41234083767839,1.823795912719859,7.242085196411065,11.47,1.0,11.848595534664309
Ventura,2021,84.48571641791045,111.02,100.94,105.98,266,1340,11,57.07708955223881,78.08,68.0,4,1340,11,0,6,111,6111,"Ventura County, California",845255.0,94150.0,73740.0,132487.0,15.674204825762638,8.723994534193823,274471.0,100077.0,36.46177556098823,70.12948755109404,1.832109836676506,7.254852086056871,6.02,1.0,11.871674844009068
Ventura,2022,85.521546626232,113.0,102.02,107.79799999999994,281,1319,11,58.0140971168437,82.94,70.14199999999985,23,1318,11,7,6,111,6111,"Ventura County, California",842009.0,102141.0,74315.0,137596.0,16.341393025490227,8.825915162427005,275653.0,99078.0,35.94301531273014,64.65465333505936,1.786441712618274,7.238758730607392,13.21,0.0,12.140101164810831
Ventura,2023,80.88114551083592,109.04,98.06,102.10099999999991,163,1292,11,55.93692785104732,80.06,69.08,10,1289,11,0,6,111,6111,"Ventura County, California",838259.0,107327.0,74630.0,141315.0,16.858154818498818,8.90297628775832,278045.0,99657.0,35.84203995756083,58.59453939653496,1.84334436015599,7.22497462001601,10.49,0.0,12.651192700247032
Ventura,2024,84.13599399849963,113.0,101.37199999999996,108.44960000000005,249,1333,11,56.70739684921231,89.06,69.08,18,1333,11,4,6,111,6111,"Ventura County, California",837469.0,109797.0,77301.0,145793.0,17.40876378707749,9.230311808556497,280360.0,99321.0,35.426237694392924,51.97422232942353,1.8389934433393955,7.23477525735281,13.02,0.0,13.1199099012006
Yolo,2020,94.61285123966942,111.02,104.0,109.04,259,484,4,60.292355371900825,78.98,73.04,16,484,4,11,6,113,6113,"Yolo County, California",218774.0,73746.0,39197.0,27314.0,12.485030213827969,17.91666285756077,74614.0,36334.0,48.69595518267349,66.4151133132822,2.6026858767495225,14.436816075036338,24.16,1.0,4.353189705929763
Yolo,2021,95.87111111111112,113.0,107.96,111.92,294,486,4,59.20074074074074,78.08,68.0,3,486,4,19,6,113,6113,"Yolo County, California",216703.0,78386.0,36036.0,27159.0,12.5328214191774,16.629211409163695,75471.0,36429.0,48.26887148706125,63.26216065305972,2.6229447677235664,14.505106066828793,16.88,1.0,3.716234353498521
Yolo,2022,95.396,118.04,107.96,114.98,280,485,4,60.19727835051547,78.98,71.06,6,485,4,22,6,113,6113,"Yolo County, California",217141.0,85097.0,36521.0,28323.0,13.043598399196837,16.819025425875353,76107.0,36395.0,47.82083119818151,58.78898964267457,2.7498261498289134,14.745257689703925,29.98,0.0,3.899447356320279
Yolo,2023,91.78916455696204,109.04,105.08,107.96,151,395,4,58.59306329113924,77.0,69.34999999999997,6,395,4,15,6,113,6113,"Yolo County, California",217782.0,88818.0,34165.0,28915.0,13.277038506396304,15.687706054678532,76640.0,35594.0,46.443110647181626,54.80204975617819,2.698110954991689,14.897925448384164,35.67,0.0,4.218043637980212
Yolo,2024,96.74981132075472,114.08,107.96,111.92,308,477,4,60.84603773584906,80.96,71.06,11,477,4,18,6,113,6113,"Yolo County, California",220564.0,91752.0,35478.0,29712.0,13.470920005077891,16.085127219310493,76693.0,35056.0,45.70951716584304,48.89011806097096,2.6273553254384217,15.352006673799895,37.45,0.0,4.521276527151144
Yuba,2020,89.30270491803279,109.94,102.02,108.1886,75,244,2,62.57713114754098,78.08,71.96,8,244,2,7,6,115,6115,"Yuba County, California",77524.0,59424.0,11420.0,9588.0,12.367782880140345,14.730922037046591,26434.0,10345.0,39.1352046606643,73.51271864196895,3.3950776533718594,7.263557091997316,16.84,1.0,23.621704747530277
Yuba,2021,90.35762295081967,113.0,104.0,109.553,80,244,2,63.60327868852459,84.91999999999999,75.92,24,244,2,5,6,115,6115,"Yuba County, California",80404.0,62666.0,11939.0,10011.0,12.450873090891,14.84876374309736,26888.0,10332.0,38.426063671526336,69.22168051340729,3.5831550669120937,7.183722202875479,29.1,1.0,23.455455125398444
Yuba,2022,89.26581967213114,114.98,105.08,110.6816,82,244,2,62.81688524590164,84.02,74.85799999999999,13,244,2,10,6,115,6115,"Yuba County, California",81705.0,66693.0,12375.0,10550.0,12.912306468392387,15.14595190012851,27567.0,10639.0,38.59324554721225,64.5064561532342,3.556697876506946,7.784101340187259,28.67,0.0,23.529174649860096
Yuba,2023,86.28696721311475,109.94,103.838,108.5756,55,244,2,60.98298755186722,77.0,71.96,4,241,2,5,6,115,6115,"Yuba County, California",83079.0,73313.0,12501.0,10889.0,13.106801959580642,15.047123821904451,28063.0,10294.0,36.68175177279692,60.458118176675214,3.701296356479977,7.657771518674997,51.7,0.0,23.672774235469152
Yuba,2024,90.74934426229508,111.92,105.98,111.0686,88,244,2,64.13516393442623,80.96,75.02,19,244,2,13,6,115,6115,"Yuba County, California",84507.0,76373.0,11800.0,11060.0,13.087673210503272,13.963340315003492,28635.0,10453.0,36.50427798149119,53.823943578638456,3.970085318375992,7.963837315251991,68.03,0.0,23.70087633141378
